"inline-flex src","text-xs","w-full href","rounded-lg src","max-w-[134px] href","text-sm","text-xs 3","text-lg","text-2xs","whitespace-pre-wrap","w-full href 2","rounded-lg src 2","max-w-[134px] href 2","text-sm 2","text-xs 4","text-lg 2","text-2xs 3","whitespace-pre-wrap 2","w-full href 3","rounded-lg src 3","max-w-[134px] href 3","text-sm 3","text-xs 5","text-lg 3","text-2xs 5","whitespace-pre-wrap 3","text-xs 6","w-full href 4","rounded-lg src 4","max-w-[134px] href 4","text-sm 4","text-lg 4","text-2xs 7","text-2xs 8","text-sm 5","relative src 4","whitespace-pre-wrap 4","whitespace-pre-wrap 5"
"https://cdnprod.mafretailproxy.com/assets/images/Vector_2_afde1e66b5_672c4d6a64.png","LOW PRICES","https://www.carrefouruae.com/mafuae/en/avocado/mf-rte-avocado-350g/p/1085159","https://cdn.mafrservices.com/pim-content/UAE/media/product/1085159/1769079638/1085159_main.jpg?im=Resize=(300,300)","https://www.carrefouruae.com/mafuae/en/avocado/mf-rte-avocado-350g/p/1085159","Carrefour Ready-to-Eat Hass  Avocados 2-Piece Pack","AED 36.30 per Kilo","10",".89","Tom. 10:00 AM","https://www.carrefouruae.com/mafuae/en/berries/raspberry-pp-ep/p/1016080","https://cdn.mafrservices.com/sys-master-root/he8/hc7/32144564125726/1016080_main.jpg?im=Resize=(300,300)","https://www.carrefouruae.com/mafuae/en/berries/raspberry-pp-ep/p/1016080","Driscoll's Raspberry 125g","AED 95.92 per Kilo","11",".99","Tom. 10:00 AM","https://www.carrefouruae.com/mafuae/en/banana/banana-ep/p/71399","https://cdn.mafrservices.com/sys-master-root/h8c/h06/9533382950942/71399_main.jpg?im=Resize=(300,300)","https://www.carrefouruae.com/mafuae/en/banana/banana-ep/p/71399","Banana","500g - Approx 5 pieces/KG","2",".80","Tom. 10:00 AM","LOW PRICES","https://www.carrefouruae.com/mafuae/en/orange/crf-orange-valencia-3kg/p/2175463","https://cdn.mafrservices.com/pim-content/UAE/media/product/2175463/1724072403/2175463_main.jpg?im=Resize=(300,300)","https://www.carrefouruae.com/mafuae/en/orange/crf-orange-valencia-3kg/p/2175463","Carrefour Valencia Oranges 3Kg","12",".99","AED","AED 14.19","https://cdnprod.mafretailproxy.com/assets/images/SLA_clock_ic_c134066a55.svg","Tom. 10:00 AM",""
"","21% OFF","https://www.carrefouruae.com/mafuae/en/pears/pear-conference/p/1086920","https://cdn.mafrservices.com/pim-content/UAE/media/product/1086920/1761883516/1086920_main.jpg?im=Resize=(300,300)","https://www.carrefouruae.com/mafuae/en/kiwi/kiwi-gold-pp/p/499958","Gold Kiwi 400g","AED 33.98 per Kilo","16",".99","Tom. 10:00 AM","https://www.carrefouruae.com/mafuae/en/pomegranate/pomegranate-seed-red-125-pp/p/925916","https://cdn.mafrservices.com/pim-content/UAE/media/product/925916/1777607744/925916_main.jpg?im=Resize=(300,300)","https://www.carrefouruae.com/mafuae/en/berries/blackberry-pp-ep/p/1596834","Driscoll's Blackberry 125g","500g - Approx 2 pieces/KG","11",".99","Tom. 10:00 AM","https://www.carrefouruae.com/mafuae/en/berries/blackberry-pp-ep/p/1596834","https://cdn.mafrservices.com/pim-content/UAE/media/product/1596834/1743500874/1596834_main.jpg?im=Resize=(300,300)","https://www.carrefouruae.com/mafuae/en/pears/pear-conference/p/1086920","Pear Conference","AED 63.12 per Kilo","9",".50","Tom. 10:00 AM","","https://www.carrefouruae.com/mafuae/en/kiwi/kiwi-gold-pp/p/499958","https://cdn.mafrservices.com/pim-content/UAE/media/product/499958/1775984400/499958_main.jpg?im=Resize=(300,300)","https://www.carrefouruae.com/mafuae/en/pomegranate/pomegranate-seed-red-125-pp/p/925916","Pomegranate Seeds 125g","7",".89","AED","AED 9.99","https://cdnprod.mafretailproxy.com/assets/images/SLA_clock_ic_c134066a55.svg","Tom. 10:00 AM",""
"https://cdnprod.mafretailproxy.com/assets/images/Vector_2_afde1e66b5_672c4d6a64.png","LOW PRICES","","","https://www.carrefouruae.com/mafuae/en/lemon-lime/lime-yellow/p/446440","Yellow Lime","500g - Approx 25 pieces/KG","3",".90","Only 3 left","","","https://www.carrefouruae.com/mafuae/en/mango/mango-kaleb-al-thour/p/977660","Mango Kaleb Al Thour","500g - Approx 2 pieces/KG","7",".00","Tom. 10:00 AM","","","https://www.carrefouruae.com/mafuae/en/berries/di-blueberry-sekoya-150g/p/2263105","Fruitist Go Blueberry Import 150g","","8",".99","Tom. 10:00 AM","31% OFF","","","https://www.carrefouruae.com/mafuae/en/berries/di-blueberry-sekoya-125g/p/2263104","Fruitist Blueberry Jumbo Import 125g","7",".99","AED","AED 12.99","https://cdnprod.mafretailproxy.com/assets/images/SLA_clock_ic_c134066a55.svg","Tom. 10:00 AM","Tom. 10:00 AM"
"https://cdnprod.mafretailproxy.com/assets/images/Vector_2_afde1e66b5_672c4d6a64.png","LOW PRICES","","","https://www.carrefouruae.com/mafuae/en/pears/pear-rosemary/p/446274","Rosemary Pear","500g - Approx 10 pieces/KG","4",".85","Tom. 10:00 AM","","","https://www.carrefouruae.com/mafuae/en/berries/san-blueberry-125g/p/2233197","Sanlucar Blueberry 125g","500g - Approx 6 pieces/KG","7",".89","Tom. 10:00 AM","","","https://www.carrefouruae.com/mafuae/en/apple/apple-jazz/p/965050","Apple Jazz","","6",".35","Tom. 10:00 AM","","","","https://www.carrefouruae.com/mafuae/en/berries/uae-strawberry-pp200g/p/1850329","Pure Harvest Strawberries 200g","19",".99","AED","","https://cdnprod.mafretailproxy.com/assets/images/SLA_clock_ic_c134066a55.svg","Tom. 10:00 AM",""
"https://cdnprod.mafretailproxy.com/assets/images/Vector_2_afde1e66b5_672c4d6a64.png","LOW PRICES","","","https://www.carrefouruae.com/mafuae/en/berries/uae-blackberry-pp/p/1905332","Blackberry UAE 125g","AED 17.78 per Kilo","13",".99","Tom. 10:00 AM","","","https://www.carrefouruae.com/mafuae/en/grapes/grapes-red-pp-ep/p/1545702","Red Grapes 500g","500g - Approx 6 pieces/KG","8",".89","Only 2 left","","","https://www.carrefouruae.com/mafuae/en/apple/apple-pink-lady/p/446052","Pink Lady Apple","500g - Pack size 500g","6",".45","Tom. 10:00 AM","19% OFF","","","https://www.carrefouruae.com/mafuae/en/grapes/di-grapes-white-seedless/p/70972","White Seedless Grapes Import","17",".50","AED","AED 21.50","https://cdnprod.mafretailproxy.com/assets/images/SLA_clock_ic_c134066a55.svg","Tom. 10:00 AM","Tom. 10:00 AM"
"https://cdnprod.mafretailproxy.com/assets/images/Vector_2_afde1e66b5_672c4d6a64.png","LOW PRICES","","","https://www.carrefouruae.com/mafuae/en/clementine-mandarin/mandarin-murcott-kg/p/489903","Mandarin Murcott","500g - Approx 10 pieces/KG","4",".95","Tom. 10:00 AM","","","https://www.carrefouruae.com/mafuae/en/apple/apple-royal-gala/p/638657","Royal Gala Apple","600g - Approx 8 pieces/KG","5",".93","Tom. 10:00 AM","","","https://www.carrefouruae.com/mafuae/en/banana/banana-chiquita/p/1078988","Chiquita Banana","500g - Approx 8 pieces/KG","4",".45","Tom. 10:00 AM","BESTSELLER","","","https://www.carrefouruae.com/mafuae/en/grapes/di-grapes-red-seedless/p/425343","Red Seedless Grapes Import","17",".50","AED","AED 21.50","https://cdnprod.mafretailproxy.com/assets/images/SLA_clock_ic_c134066a55.svg","Tom. 10:00 AM",""
"https://cdnprod.mafretailproxy.com/assets/images/Vector_2_afde1e66b5_672c4d6a64.png","LOW PRICES","","","https://www.carrefouruae.com/mafuae/en/berries/mf-uae-blueberry-500-g/p/1630368","Carrefour Blueberries 500g","500g - Approx 2 pieces/KG","29",".99","Tom. 10:00 AM","","","https://www.carrefouruae.com/mafuae/en/lemon-lime/crf-lemon-bag-2kg/p/2175743","Carrefour Lemons 2Kg","","27",".19","Only 2 left","","","https://www.carrefouruae.com/mafuae/en/avocado/di-avocado-hass-premium/p/1808066","Avocado Hass Premium","","17",".50","Tom. 10:00 AM","19% OFF","","","https://www.carrefouruae.com/mafuae/en/orange/crf-orange-navel-3kg/p/2175462","Carrefour Navel Oranges 3Kg","26",".19","AED","AED 21.50","https://cdnprod.mafretailproxy.com/assets/images/SLA_clock_ic_c134066a55.svg","Only 3 left","Tom. 10:00 AM"
"","26% OFF","","","https://www.carrefouruae.com/mafuae/en/mango/mango-taimoor/p/977658","Mango Taimoor","300g - Approx 4 pieces/KG","5",".07","Tom. 10:00 AM","","","https://www.carrefouruae.com/mafuae/en/packed-fruits/pomegranate-arils-125g-bk/p/1191289","Barakat Pomegranate Arils 125g","750g - Approx 4 pieces/KG","9",".29","Tom. 10:00 AM","","","https://www.carrefouruae.com/mafuae/en/orange/orange-valencia/p/446565","Orange Valencia","","3",".67","Tom. 10:00 AM","","","","https://www.carrefouruae.com/mafuae/en/exotic-fruit/mangosteen-pp/p/70982","Mangosteens 500g","13",".99","AED","AED 18.99","https://cdnprod.mafretailproxy.com/assets/images/SLA_clock_ic_c134066a55.svg","Tom. 10:00 AM",""
"https://cdnprod.mafretailproxy.com/assets/images/Vector_1_640025361d.svg","24% OFF","","","https://www.carrefouruae.com/mafuae/en/apricot-plums/di-plum-red-import/p/1407987","Plum Red Import","500g - Approx 143 pieces/KG","6",".00","Only 3 left","","","https://www.carrefouruae.com/mafuae/en/apple/apple-candine/p/489864","Apple Candine","500g - Approx 2 pieces/KG","4",".50","Tom. 10:00 AM","","","https://www.carrefouruae.com/mafuae/en/berries/ph-strawberries-kids-bowl-100gm/p/2259396","Bright Bites Pure Harvest Strawberries","AED 23.32 per Kilo","6",".99","Tom. 10:00 AM","Bright Bites","","","https://www.carrefouruae.com/mafuae/en/pineapple/pineapple-gold/p/574851","Gold Pineapple Whole Fruit","13",".99","AED","AED 5.95","https://cdnprod.mafretailproxy.com/assets/images/SLA_clock_ic_c134066a55.svg","Tom. 10:00 AM","Tom. 10:00 AM"
"","26% OFF","","","https://www.carrefouruae.com/mafuae/en/exotic-fruit/coconut-dry/p/71179","Whole Dry Coconut 1 Piece","AED 3.32 per Kilo","1",".99","Only 2 left","","","https://www.carrefouruae.com/mafuae/en/dates/choco-buy-2-get-1-free-kh/p/1551000","Khatt Chocolate Dates With Almond 3-Piece Pack","AED 31.24 per Kilo","24",".99","Tom. 10:00 AM","","","https://www.carrefouruae.com/mafuae/en/melon/di-watermelon-import/p/71056","Watermelon Import","2.50KG - Approx 1 piece/KG","47",".47","Tom. 10:00 AM","","","","https://www.carrefouruae.com/mafuae/en/lemon-lime/di-lemon-premium/p/1552229","Lemon Premium Import","15",".00","AED","AED 33.99","https://cdnprod.mafretailproxy.com/assets/images/SLA_clock_ic_c134066a55.svg","Tom. 10:00 AM","Tom. 10:00 AM"
"","","","","https://www.carrefouruae.com/mafuae/en/exotic-fruit/fig-fresh-pack/p/446895","Fig Fresh 160g","AED 31.96 per Kilo","7",".99","Tom. 10:00 AM","","","https://www.carrefouruae.com/mafuae/en/grapefruit-pomelo/grapefruit-star-ruby/p/446417","Grapefruit Star Ruby","600g - Approx 2 pieces/KG","4",".73","Tom. 10:00 AM","","","https://www.carrefouruae.com/mafuae/en/avocado/avocado-hass/p/450535","Hass Avocado","600g - Approx 6 pieces/KG","8",".39","Tom. 10:00 AM","BESTSELLER","","","https://www.carrefouruae.com/mafuae/en/banana/banana-chiquita-1-kg-pp/p/1848631","Chiquita Bananas 1Kg","9",".99","AED","AED 12.89","https://cdnprod.mafretailproxy.com/assets/images/SLA_clock_ic_c134066a55.svg","Only 2 left","Tom. 10:00 AM"
"https://cdnprod.mafretailproxy.com/assets/images/Vector_2_afde1e66b5_672c4d6a64.png","LOW PRICES","","","https://www.carrefouruae.com/mafuae/en/melon/watermelon-dark/p/446215","Dark Watermelon","2KG","13",".98","Tom. 10:00 AM","","","https://www.carrefouruae.com/mafuae/en/apple/apple-pink-lady-pack/p/1483292","Pink Lady Kids Pack 1Kg","500g - Approx 12 pieces/KG","13",".29","Tom. 10:00 AM","","","https://www.carrefouruae.com/mafuae/en/banana/banana-yellow-small/p/71411","Small Yellow Banana","500g - Approx 3 pieces/KG","7",".25","Only 1 left","","","","https://www.carrefouruae.com/mafuae/en/mango/di-mango-alphonso-premium/p/421985","Mango Alphonso Premium","12",".50","AED","","https://cdnprod.mafretailproxy.com/assets/images/SLA_clock_ic_c134066a55.svg","Tom. 10:00 AM","Tom. 10:00 AM"
"","BESTSELLER","","","https://www.carrefouruae.com/mafuae/en/melon/watermelon-long-green/p/489894","Green Watermelon Long","4KG","25",".56","Tom. 10:00 AM","","","https://www.carrefouruae.com/mafuae/en/exotic-fruit/passion-fruit/p/449327","Passion Fruit","500g - Approx 9 pieces/KG","15",".00","Tom. 10:00 AM","","","https://www.carrefouruae.com/mafuae/en/packed-fruits/crf-pomegranate-arils-125g/p/2151012","Carrefour Pomegranate Arils 125g","","8",".99","Tom. 10:00 AM","","","","https://www.carrefouruae.com/mafuae/en/berries/driscoll-s-strawberry-454g-pp/p/1030561","Driscoll's Strawberries Import 454g","34",".99","AED","","https://cdnprod.mafretailproxy.com/assets/images/SLA_clock_ic_c134066a55.svg","Tom. 10:00 AM",""
"https://cdnprod.mafretailproxy.com/assets/images/Vector_2_afde1e66b5_672c4d6a64.png","LOW PRICES","","","https://www.carrefouruae.com/mafuae/en/peaches-nectarines/peach-ep-pack/p/1365343","Peach Pack 900g","500g - Approx 2 pieces/KG","13",".99","Tom. 10:00 AM","","","https://www.carrefouruae.com/mafuae/en/mango/mango-thothapuri/p/977668","Mango Thothapuri","AED 33.98 per Kilo","7",".00","Tom. 10:00 AM","","","https://www.carrefouruae.com/mafuae/en/packed-fruits/beetroots-peeled-cooked-500g/p/71426","Cooked Peeled Beetroots 500g","500g - Approx 10 pieces/KG","16",".99","Tom. 10:00 AM","","","","https://www.carrefouruae.com/mafuae/en/kiwi/kiwi-zespri-gold/p/1137680","Premium Kiwi","24",".95","AED","","https://cdnprod.mafretailproxy.com/assets/images/SLA_clock_ic_c134066a55.svg","Only 3 left","Tom. 10:00 AM"
"https://cdnprod.mafretailproxy.com/assets/images/Vector_1_640025361d.svg","Bright Bites","","","https://www.carrefouruae.com/mafuae/en/berries/ph-s-blueberries-kids-bowl-100gm/p/2259392","Bright Bites Pure Harvest Blueberries","400g - Approx 2 pieces/KG","6",".49","Tom. 10:00 AM","","","https://www.carrefouruae.com/mafuae/en/exotic-fruit/dragon-fruit-white-flesh/p/1077401","Dragon Fruit White Flesh","500g - Approx 2 pieces/KG","11",".96","Only 2 left","","","https://www.carrefouruae.com/mafuae/en/grapes/grapes-cotton-candy-pp/p/1832022","Grape Cotton Candy Import 500g","","29",".99","Tom. 10:00 AM","LOW PRICES","","","https://www.carrefouruae.com/mafuae/en/exotic-fruit/dragon-fruit-red-flesh/p/1077392","Dragon Fruit Red Flesh","20",".00","AED","","https://cdnprod.mafretailproxy.com/assets/images/SLA_clock_ic_c134066a55.svg","Only 2 left","Tom. 10:00 AM"
"https://cdnprod.mafretailproxy.com/assets/images/Vector_2_afde1e66b5_672c4d6a64.png","LOW PRICES","https://www.carrefouruae.com/mafuae/en/lemon-lime/lime-yellow/p/446440","https://cdn.mafrservices.com/sys-master-root/hf6/hb7/49363781287966/446440_main.jpg?im=Resize=(300,300)","https://www.carrefouruae.com/mafuae/en/lemon-lime/lime-yellow/p/446440","Yellow Lime","500g - Approx 25 pieces/KG","3",".90","Only 3 left","https://www.carrefouruae.com/mafuae/en/mango/mango-kaleb-al-thour/p/977660","https://cdn.mafrservices.com/pim-content/UAE/media/product/977660/1777006178/977660_main.jpg?im=Resize=(300,300)","https://www.carrefouruae.com/mafuae/en/mango/mango-kaleb-al-thour/p/977660","Mango Kaleb Al Thour","500g - Approx 2 pieces/KG","7",".00","Tom. 10:00 AM","https://www.carrefouruae.com/mafuae/en/berries/di-blueberry-sekoya-150g/p/2263105","https://cdn.mafrservices.com/pim-content/UAE/media/product/2263105/1762837203/2263105_main.jpg?im=Resize=(300,300)","https://www.carrefouruae.com/mafuae/en/berries/di-blueberry-sekoya-150g/p/2263105","Fruitist Go Blueberry Import 150g","","8",".99","Tom. 10:00 AM","31% OFF","https://www.carrefouruae.com/mafuae/en/berries/di-blueberry-sekoya-125g/p/2263104","https://cdn.mafrservices.com/pim-content/UAE/media/product/2263104/1776242112/2263104_main.jpg?im=Resize=(300,300)","https://www.carrefouruae.com/mafuae/en/berries/di-blueberry-sekoya-125g/p/2263104","Fruitist Blueberry Jumbo Import 125g","7",".99","AED","AED 12.99","https://cdnprod.mafretailproxy.com/assets/images/SLA_clock_ic_c134066a55.svg","Tom. 10:00 AM","Tom. 10:00 AM"
"https://cdnprod.mafretailproxy.com/assets/images/Vector_2_afde1e66b5_672c4d6a64.png","LOW PRICES","https://www.carrefouruae.com/mafuae/en/berries/san-blueberry-125g/p/2233197","https://cdn.mafrservices.com/pim-content/UAE/media/product/2233197/1755003190/2233197_main.jpg?im=Resize=(300,300)","https://www.carrefouruae.com/mafuae/en/pears/pear-rosemary/p/446274","Rosemary Pear","500g - Approx 10 pieces/KG","4",".85","Tom. 10:00 AM","https://www.carrefouruae.com/mafuae/en/apple/apple-jazz/p/965050","https://cdn.mafrservices.com/sys-master-root/h38/hff/50271145132062/965050_main.jpg?im=Resize=(300,300)","https://www.carrefouruae.com/mafuae/en/berries/san-blueberry-125g/p/2233197","Sanlucar Blueberry 125g","500g - Approx 6 pieces/KG","7",".89","Tom. 10:00 AM","https://www.carrefouruae.com/mafuae/en/berries/uae-strawberry-pp200g/p/1850329","https://cdn.mafrservices.com/sys-master-root/hdf/hfe/50143186616350/1850329_main.jpg?im=Resize=(300,300)","https://www.carrefouruae.com/mafuae/en/apple/apple-jazz/p/965050","Apple Jazz","","6",".35","Tom. 10:00 AM","","https://www.carrefouruae.com/mafuae/en/pears/pear-rosemary/p/446274","https://cdn.mafrservices.com/sys-master-root/hee/hdd/13078247964702/446274_main.jpg?im=Resize=(300,300)","https://www.carrefouruae.com/mafuae/en/berries/uae-strawberry-pp200g/p/1850329","Pure Harvest Strawberries 200g","19",".99","AED","","https://cdnprod.mafretailproxy.com/assets/images/SLA_clock_ic_c134066a55.svg","Tom. 10:00 AM",""
"https://cdnprod.mafretailproxy.com/assets/images/Vector_2_afde1e66b5_672c4d6a64.png","LOW PRICES","https://www.carrefouruae.com/mafuae/en/apple/apple-royal-gala/p/638657","https://cdn.mafrservices.com/sys-master-root/h09/hd1/11052393103390/638657_main.jpg?im=Resize=(300,300)","https://www.carrefouruae.com/mafuae/en/clementine-mandarin/mandarin-murcott-kg/p/489903","Mandarin Murcott","500g - Approx 10 pieces/KG","4",".95","Tom. 10:00 AM","https://www.carrefouruae.com/mafuae/en/grapes/di-grapes-red-seedless/p/425343","https://cdn.mafrservices.com/sys-master-root/h91/ha6/13227727323166/425343_main.jpg?im=Resize=(300,300)","https://www.carrefouruae.com/mafuae/en/apple/apple-royal-gala/p/638657","Royal Gala Apple","600g - Approx 8 pieces/KG","5",".93","Tom. 10:00 AM","https://www.carrefouruae.com/mafuae/en/banana/banana-chiquita/p/1078988","https://cdn.mafrservices.com/sys-master-root/h1b/h16/13721043501086/1078988_main.jpg?im=Resize=(300,300)","https://www.carrefouruae.com/mafuae/en/banana/banana-chiquita/p/1078988","Chiquita Banana","500g - Approx 8 pieces/KG","4",".45","Tom. 10:00 AM","BESTSELLER","https://www.carrefouruae.com/mafuae/en/clementine-mandarin/mandarin-murcott-kg/p/489903","https://cdn.mafrservices.com/sys-master-root/h7d/he3/27425906032670/489903_main.jpg?im=Resize=(300,300)","https://www.carrefouruae.com/mafuae/en/grapes/di-grapes-red-seedless/p/425343","Red Seedless Grapes Import","17",".50","AED","AED 21.50","https://cdnprod.mafretailproxy.com/assets/images/SLA_clock_ic_c134066a55.svg","Tom. 10:00 AM",""
"https://cdnprod.mafretailproxy.com/assets/images/Vector_2_afde1e66b5_672c4d6a64.png","LOW PRICES","https://www.carrefouruae.com/mafuae/en/berries/mf-uae-blueberry-500-g/p/1630368","https://cdn.mafrservices.com/pim-content/UAE/media/product/1630368/1772001538/1630368_main.jpg?im=Resize=(300,300)","https://www.carrefouruae.com/mafuae/en/berries/mf-uae-blueberry-500-g/p/1630368","Carrefour Blueberries 500g","500g - Approx 2 pieces/KG","29",".99","Tom. 10:00 AM","https://www.carrefouruae.com/mafuae/en/lemon-lime/crf-lemon-bag-2kg/p/2175743","https://cdn.mafrservices.com/pim-content/UAE/media/product/2175743/1724072403/2175743_main.jpg?im=Resize=(300,300)","https://www.carrefouruae.com/mafuae/en/lemon-lime/crf-lemon-bag-2kg/p/2175743","Carrefour Lemons 2Kg","","27",".19","Only 2 left","https://www.carrefouruae.com/mafuae/en/avocado/di-avocado-hass-premium/p/1808066","https://cdn.mafrservices.com/pim-content/UAE/media/product/1808066/1746076204/1808066_main.jpg?im=Resize=(300,300)","https://www.carrefouruae.com/mafuae/en/avocado/di-avocado-hass-premium/p/1808066","Avocado Hass Premium","","17",".50","Tom. 10:00 AM","19% OFF","https://www.carrefouruae.com/mafuae/en/orange/crf-orange-navel-3kg/p/2175462","https://cdn.mafrservices.com/pim-content/UAE/media/product/2175462/1724072403/2175462_main.jpg?im=Resize=(300,300)","https://www.carrefouruae.com/mafuae/en/orange/crf-orange-navel-3kg/p/2175462","Carrefour Navel Oranges 3Kg","26",".19","AED","AED 21.50","https://cdnprod.mafretailproxy.com/assets/images/SLA_clock_ic_c134066a55.svg","Only 3 left","Tom. 10:00 AM"
"","26% OFF","https://www.carrefouruae.com/mafuae/en/mango/mango-taimoor/p/977658","https://cdn.mafrservices.com/sys-master-root/hc4/h71/48996250910750/977658_main.jpg?im=Resize=(300,300)","https://www.carrefouruae.com/mafuae/en/mango/mango-taimoor/p/977658","Mango Taimoor","300g - Approx 4 pieces/KG","5",".07","Tom. 10:00 AM","https://www.carrefouruae.com/mafuae/en/packed-fruits/pomegranate-arils-125g-bk/p/1191289","https://cdn.mafrservices.com/pim-content/UAE/media/product/1191289/1726563604/1191289_main.jpg?im=Resize=(300,300)","https://www.carrefouruae.com/mafuae/en/packed-fruits/pomegranate-arils-125g-bk/p/1191289","Barakat Pomegranate Arils 125g","750g - Approx 4 pieces/KG","9",".29","Tom. 10:00 AM","https://www.carrefouruae.com/mafuae/en/orange/orange-valencia/p/446565","https://cdn.mafrservices.com/sys-master-root/hed/h06/12501696577566/446565_main.jpg?im=Resize=(300,300)","https://www.carrefouruae.com/mafuae/en/orange/orange-valencia/p/446565","Orange Valencia","","3",".67","Tom. 10:00 AM","","https://www.carrefouruae.com/mafuae/en/exotic-fruit/mangosteen-pp/p/70982","https://cdn.mafrservices.com/sys-master-root/hc2/he0/62606100594718/70982_main.jpg?im=Resize=(300,300)","https://www.carrefouruae.com/mafuae/en/exotic-fruit/mangosteen-pp/p/70982","Mangosteens 500g","13",".99","AED","AED 18.99","https://cdnprod.mafretailproxy.com/assets/images/SLA_clock_ic_c134066a55.svg","Tom. 10:00 AM",""
"https://cdnprod.mafretailproxy.com/assets/images/Vector_1_640025361d.svg","24% OFF","https://www.carrefouruae.com/mafuae/en/apricot-plums/di-plum-red-import/p/1407987","https://cdn.mafrservices.com/sys-master-root/hbe/hb0/64123183988766/1407987_main.jpg?im=Resize=(300,300)","https://www.carrefouruae.com/mafuae/en/apricot-plums/di-plum-red-import/p/1407987","Plum Red Import","500g - Approx 143 pieces/KG","6",".00","Only 3 left","https://www.carrefouruae.com/mafuae/en/apple/apple-candine/p/489864","https://cdn.mafrservices.com/pim-content/UAE/media/product/489864/1763449774/489864_main.jpg?im=Resize=(300,300)","https://www.carrefouruae.com/mafuae/en/apple/apple-candine/p/489864","Apple Candine","500g - Approx 2 pieces/KG","4",".50","Tom. 10:00 AM","https://www.carrefouruae.com/mafuae/en/pineapple/pineapple-gold/p/574851","https://cdn.mafrservices.com/sys-master-root/h98/ha3/49363781877790/574851_main.jpg?im=Resize=(300,300)","https://www.carrefouruae.com/mafuae/en/berries/ph-strawberries-kids-bowl-100gm/p/2259396","Bright Bites Pure Harvest Strawberries","AED 23.32 per Kilo","6",".99","Tom. 10:00 AM","Bright Bites","https://www.carrefouruae.com/mafuae/en/berries/ph-strawberries-kids-bowl-100gm/p/2259396","https://cdn.mafrservices.com/pim-content/UAE/media/product/2259396/1758255004/2259396_main.jpg?im=Resize=(300,300)","https://www.carrefouruae.com/mafuae/en/pineapple/pineapple-gold/p/574851","Gold Pineapple Whole Fruit","13",".99","AED","AED 5.95","https://cdnprod.mafretailproxy.com/assets/images/SLA_clock_ic_c134066a55.svg","Tom. 10:00 AM","Tom. 10:00 AM"
"","26% OFF","https://www.carrefouruae.com/mafuae/en/exotic-fruit/coconut-dry/p/71179","https://cdn.mafrservices.com/sys-master-root/h0d/h4f/49363782205470/71179_main.jpg?im=Resize=(300,300)","https://www.carrefouruae.com/mafuae/en/exotic-fruit/coconut-dry/p/71179","Whole Dry Coconut 1 Piece","AED 3.32 per Kilo","1",".99","Only 2 left","https://www.carrefouruae.com/mafuae/en/dates/choco-buy-2-get-1-free-kh/p/1551000","https://cdn.mafrservices.com/sys-master-root/h8d/hba/27876035493918/1551000_main.jpg?im=Resize=(300,300)","https://www.carrefouruae.com/mafuae/en/dates/choco-buy-2-get-1-free-kh/p/1551000","Khatt Chocolate Dates With Almond 3-Piece Pack","AED 31.24 per Kilo","24",".99","Tom. 10:00 AM","https://www.carrefouruae.com/mafuae/en/melon/di-watermelon-import/p/71056","https://cdn.mafrservices.com/pim-content/UAE/media/product/71056/1779249968/71056_main.jpg?im=Resize=(300,300)","https://www.carrefouruae.com/mafuae/en/melon/di-watermelon-import/p/71056","Watermelon Import","2.50KG - Approx 1 piece/KG","47",".47","Tom. 10:00 AM","","https://www.carrefouruae.com/mafuae/en/lemon-lime/di-lemon-premium/p/1552229","https://cdn.mafrservices.com/pim-content/UAE/media/product/1552229/1778058000/1552229_main.jpg?im=Resize=(300,300)","https://www.carrefouruae.com/mafuae/en/lemon-lime/di-lemon-premium/p/1552229","Lemon Premium Import","15",".00","AED","AED 33.99","https://cdnprod.mafretailproxy.com/assets/images/SLA_clock_ic_c134066a55.svg","Tom. 10:00 AM","Tom. 10:00 AM"
"","","https://www.carrefouruae.com/mafuae/en/grapefruit-pomelo/grapefruit-star-ruby/p/446417","https://cdn.mafrservices.com/sys-master-root/hf8/h03/12501696217118/446417_main.jpg?im=Resize=(300,300)","https://www.carrefouruae.com/mafuae/en/exotic-fruit/fig-fresh-pack/p/446895","Fig Fresh 160g","AED 31.96 per Kilo","7",".99","Tom. 10:00 AM","https://www.carrefouruae.com/mafuae/en/avocado/avocado-hass/p/450535","https://cdn.mafrservices.com/sys-master-root/h6b/h00/12495879536670/450535_main.jpg?im=Resize=(300,300)","https://www.carrefouruae.com/mafuae/en/grapefruit-pomelo/grapefruit-star-ruby/p/446417","Grapefruit Star Ruby","600g - Approx 2 pieces/KG","4",".73","Tom. 10:00 AM","https://www.carrefouruae.com/mafuae/en/banana/banana-chiquita-1-kg-pp/p/1848631","https://cdn.mafrservices.com/sys-master-root/h1f/h66/26562862809118/1848631_main.jpg?im=Resize=(300,300)","https://www.carrefouruae.com/mafuae/en/avocado/avocado-hass/p/450535","Hass Avocado","600g - Approx 6 pieces/KG","8",".39","Tom. 10:00 AM","BESTSELLER","https://www.carrefouruae.com/mafuae/en/exotic-fruit/fig-fresh-pack/p/446895","https://cdn.mafrservices.com/sys-master-root/ha7/hea/31141127815198/446895_main.jpg?im=Resize=(300,300)","https://www.carrefouruae.com/mafuae/en/banana/banana-chiquita-1-kg-pp/p/1848631","Chiquita Bananas 1Kg","9",".99","AED","AED 12.89","https://cdnprod.mafretailproxy.com/assets/images/SLA_clock_ic_c134066a55.svg","Only 2 left","Tom. 10:00 AM"
"https://cdnprod.mafretailproxy.com/assets/images/Vector_2_afde1e66b5_672c4d6a64.png","LOW PRICES","https://www.carrefouruae.com/mafuae/en/melon/watermelon-dark/p/446215","https://cdn.mafrservices.com/pim-content/UAE/media/product/446215/1776839479/446215_main.jpg?im=Resize=(300,300)","https://www.carrefouruae.com/mafuae/en/melon/watermelon-dark/p/446215","Dark Watermelon","2KG","13",".98","Tom. 10:00 AM","https://www.carrefouruae.com/mafuae/en/apple/apple-pink-lady-pack/p/1483292","https://cdn.mafrservices.com/sys-master-root/h36/he5/51756379963422/1483292_main.jpg?im=Resize=(300,300)","https://www.carrefouruae.com/mafuae/en/apple/apple-pink-lady-pack/p/1483292","Pink Lady Kids Pack 1Kg","500g - Approx 12 pieces/KG","13",".29","Tom. 10:00 AM","https://www.carrefouruae.com/mafuae/en/banana/banana-yellow-small/p/71411","https://cdn.mafrservices.com/sys-master-root/hb5/h98/49223757103134/71411_main.jpg?im=Resize=(300,300)","https://www.carrefouruae.com/mafuae/en/banana/banana-yellow-small/p/71411","Small Yellow Banana","500g - Approx 3 pieces/KG","7",".25","Only 1 left","","https://www.carrefouruae.com/mafuae/en/mango/di-mango-alphonso-premium/p/421985","https://cdn.mafrservices.com/sys-master-root/h8f/he2/12631666360350/421985_main.jpg?im=Resize=(300,300)","https://www.carrefouruae.com/mafuae/en/mango/di-mango-alphonso-premium/p/421985","Mango Alphonso Premium","12",".50","AED","","https://cdnprod.mafretailproxy.com/assets/images/SLA_clock_ic_c134066a55.svg","Tom. 10:00 AM","Tom. 10:00 AM"
"","BESTSELLER","https://www.carrefouruae.com/mafuae/en/berries/driscoll-s-strawberry-454g-pp/p/1030561","https://cdn.mafrservices.com/sys-master-root/h42/hb7/47328139083806/1030561_main.jpg?im=Resize=(300,300)","https://www.carrefouruae.com/mafuae/en/melon/watermelon-long-green/p/489894","Green Watermelon Long","4KG","25",".56","Tom. 10:00 AM","https://www.carrefouruae.com/mafuae/en/packed-fruits/crf-pomegranate-arils-125g/p/2151012","https://cdn.mafrservices.com/pim-content/UAE/media/product/2151012/1743656403/2151012_main.jpg?im=Resize=(300,300)","https://www.carrefouruae.com/mafuae/en/exotic-fruit/passion-fruit/p/449327","Passion Fruit","500g - Approx 9 pieces/KG","15",".00","Tom. 10:00 AM","https://www.carrefouruae.com/mafuae/en/exotic-fruit/passion-fruit/p/449327","https://cdn.mafrservices.com/sys-master-root/h63/h4c/12631672520734/449327_main.jpg?im=Resize=(300,300)","https://www.carrefouruae.com/mafuae/en/packed-fruits/crf-pomegranate-arils-125g/p/2151012","Carrefour Pomegranate Arils 125g","","8",".99","Tom. 10:00 AM","","https://www.carrefouruae.com/mafuae/en/melon/watermelon-long-green/p/489894","https://cdn.mafrservices.com/sys-master-root/h1b/h2b/13708902105118/489894_main.jpg?im=Resize=(300,300)","https://www.carrefouruae.com/mafuae/en/berries/driscoll-s-strawberry-454g-pp/p/1030561","Driscoll's Strawberries Import 454g","34",".99","AED","","https://cdnprod.mafretailproxy.com/assets/images/SLA_clock_ic_c134066a55.svg","Tom. 10:00 AM",""
"https://cdnprod.mafretailproxy.com/assets/images/Vector_2_afde1e66b5_672c4d6a64.png","LOW PRICES","https://www.carrefouruae.com/mafuae/en/peaches-nectarines/peach-ep-pack/p/1365343","https://cdn.mafrservices.com/sys-master-root/h37/hfc/50853861785630/1365343_main.jpg?im=Resize=(300,300)","https://www.carrefouruae.com/mafuae/en/peaches-nectarines/peach-ep-pack/p/1365343","Peach Pack 900g","500g - Approx 2 pieces/KG","13",".99","Tom. 10:00 AM","https://www.carrefouruae.com/mafuae/en/mango/mango-thothapuri/p/977668","https://cdn.mafrservices.com/sys-master-root/h1f/h50/12632428544030/977668_main.jpg?im=Resize=(300,300)","https://www.carrefouruae.com/mafuae/en/mango/mango-thothapuri/p/977668","Mango Thothapuri","AED 33.98 per Kilo","7",".00","Tom. 10:00 AM","https://www.carrefouruae.com/mafuae/en/packed-fruits/beetroots-peeled-cooked-500g/p/71426","https://cdn.mafrservices.com/sys-master-root/hea/h99/44581723602974/71426_main.jpg?im=Resize=(300,300)","https://www.carrefouruae.com/mafuae/en/packed-fruits/beetroots-peeled-cooked-500g/p/71426","Cooked Peeled Beetroots 500g","500g - Approx 10 pieces/KG","16",".99","Tom. 10:00 AM","","https://www.carrefouruae.com/mafuae/en/kiwi/kiwi-zespri-gold/p/1137680","https://cdn.mafrservices.com/pim-content/UAE/media/product/1137680/1754568603/1137680_main.jpg?im=Resize=(300,300)","https://www.carrefouruae.com/mafuae/en/kiwi/kiwi-zespri-gold/p/1137680","Premium Kiwi","24",".95","AED","","https://cdnprod.mafretailproxy.com/assets/images/SLA_clock_ic_c134066a55.svg","Only 3 left","Tom. 10:00 AM"
"https://cdnprod.mafretailproxy.com/assets/images/Vector_1_640025361d.svg","Bright Bites","https://www.carrefouruae.com/mafuae/en/exotic-fruit/dragon-fruit-white-flesh/p/1077401","https://cdn.mafrservices.com/sys-master-root/h84/had/11199111659550/1077401_main.jpg?im=Resize=(300,300)","https://www.carrefouruae.com/mafuae/en/berries/ph-s-blueberries-kids-bowl-100gm/p/2259392","Bright Bites Pure Harvest Blueberries","400g - Approx 2 pieces/KG","6",".49","Tom. 10:00 AM","https://www.carrefouruae.com/mafuae/en/grapes/grapes-cotton-candy-pp/p/1832022","https://cdn.mafrservices.com/pim-content/UAE/media/product/1832022/1776833279/1832022_main.jpg?im=Resize=(300,300)","https://www.carrefouruae.com/mafuae/en/exotic-fruit/dragon-fruit-white-flesh/p/1077401","Dragon Fruit White Flesh","500g - Approx 2 pieces/KG","11",".96","Only 2 left","https://www.carrefouruae.com/mafuae/en/exotic-fruit/dragon-fruit-red-flesh/p/1077392","https://cdn.mafrservices.com/sys-master-root/hcb/hab/11204470865950/1077392_main.jpg?im=Resize=(300,300)","https://www.carrefouruae.com/mafuae/en/grapes/grapes-cotton-candy-pp/p/1832022","Grape Cotton Candy Import 500g","","29",".99","Tom. 10:00 AM","LOW PRICES","https://www.carrefouruae.com/mafuae/en/berries/ph-s-blueberries-kids-bowl-100gm/p/2259392","https://cdn.mafrservices.com/pim-content/UAE/media/product/2259392/1758255004/2259392_main.jpg?im=Resize=(300,300)","https://www.carrefouruae.com/mafuae/en/exotic-fruit/dragon-fruit-red-flesh/p/1077392","Dragon Fruit Red Flesh","20",".00","AED","","https://cdnprod.mafretailproxy.com/assets/images/SLA_clock_ic_c134066a55.svg","Only 2 left","Tom. 10:00 AM"
"https://cdnprod.mafretailproxy.com/assets/images/Vector_2_afde1e66b5_672c4d6a64.png","LOW PRICES","","","https://www.carrefouruae.com/mafuae/en/banana/banana-yellow-plantain/p/1065990","Yellow Plantain Banana","800g - Approx 5 pieces/KG","13",".59","Only 1 left","","","https://www.carrefouruae.com/mafuae/en/mango/di-mango-palmer/p/918500","Mango Palmer Import","500g - Approx 2 pieces/KG","15",".00","Tom. 10:00 AM","","","https://www.carrefouruae.com/mafuae/en/exotic-fruit/papaya-solo/p/446974","Solo Papaya","900g - Approx 1 piece/KG","26",".99","Tom. 10:00 AM","","","","https://www.carrefouruae.com/mafuae/en/pomegranate/pomegranate-red/p/425422","Red Pomegranate","17",".49","AED","","https://cdnprod.mafretailproxy.com/assets/images/SLA_clock_ic_c134066a55.svg","Tom. 10:00 AM","Tom. 10:00 AM"
"https://cdnprod.mafretailproxy.com/assets/images/Vector_1_640025361d.svg","Bright Bites","https://www.carrefouruae.com/mafuae/en/melon/melon-rock/p/1571802","https://cdn.mafrservices.com/sys-master-root/h7c/hb5/11239463256094/1571802_main.jpg?im=Resize=(300,300)","https://www.carrefouruae.com/mafuae/en/berries/ph-blackberries-kids-bowl-100gm/p/2259397","Bright Bites Pure Harvest Blackberries","2.50KG - Approx 1 piece/KG","9",".49","Tom. 10:00 AM","https://www.carrefouruae.com/mafuae/en/packed-fruits/grated-coconut-100g-bk/p/1242193","https://cdn.mafrservices.com/sys-master-root/h47/h72/14975994789918/1242193_main.jpg?im=Resize=(300,300)","https://www.carrefouruae.com/mafuae/en/melon/melon-rock/p/1571802","Rock Melon","AED 33.90 per Kilo","19",".72","Tom. 10:00 AM","https://www.carrefouruae.com/mafuae/en/berries/driscoll-s-strawberry-850g-pp/p/1858002","https://cdn.mafrservices.com/sys-master-root/h1b/he6/47328318849054/1858002_main.jpg?im=Resize=(300,300)","https://www.carrefouruae.com/mafuae/en/berries/driscoll-s-strawberry-850g-pp/p/1858002","Driscoll's Strawberries Import 850g","","69",".99","Tom. 10:00 AM","LOW PRICES","https://www.carrefouruae.com/mafuae/en/berries/ph-blackberries-kids-bowl-100gm/p/2259397","https://cdn.mafrservices.com/pim-content/UAE/media/product/2259397/1758255004/2259397_main.jpg?im=Resize=(300,300)","https://www.carrefouruae.com/mafuae/en/packed-fruits/grated-coconut-100g-bk/p/1242193","Barakat Grated Coconut 100g","3",".39","AED","","https://cdnprod.mafretailproxy.com/assets/images/SLA_clock_ic_c134066a55.svg","Tom. 10:00 AM",""
"https://cdnprod.mafretailproxy.com/assets/images/Vector_2_afde1e66b5_672c4d6a64.png","17% OFF","https://www.carrefouruae.com/mafuae/en/apple/apple-soluna/p/1905328","https://cdn.mafrservices.com/pim-content/UAE/media/product/1905328/1754546992/1905328_main.jpg?im=Resize=(300,300)","https://www.carrefouruae.com/mafuae/en/apple/apple-soluna/p/1905328","Apple Soluna","500g - Approx 2 pieces/KG","9",".50","Only 3 left","https://www.carrefouruae.com/mafuae/en/packed-fruits/grated-coconut-250g-bk/p/1104212","https://cdn.mafrservices.com/sys-master-root/hd5/h6b/14975981977630/1104212_main.jpg?im=Resize=(300,300)","https://www.carrefouruae.com/mafuae/en/packed-fruits/grated-coconut-250g-bk/p/1104212","Grated Coconut 250g","AED 31.96 per Kilo","7",".99","Tom. 10:00 AM","https://www.carrefouruae.com/mafuae/en/banana/banana-pp/p/704631","https://cdn.mafrservices.com/sys-master-root/hca/hd0/9533380821022/704631_main.jpg?im=Resize=(300,300)","https://www.carrefouruae.com/mafuae/en/dates/bayara-majdoul-dates-500g/p/1504546","Bayara Premium Majdoul Dates 500g","AED 73.98 per Kilo","36",".99","Tom. 10:00 AM","LOW PRICES","https://www.carrefouruae.com/mafuae/en/dates/bayara-majdoul-dates-500g/p/1504546","https://cdn.mafrservices.com/pim-content/UAE/media/product/1504546/1754031955/1504546_main.jpg?im=Resize=(300,300)","https://www.carrefouruae.com/mafuae/en/banana/banana-pp/p/704631","Bananas 1kg","9",".49","AED","AED 11.50","https://cdnprod.mafretailproxy.com/assets/images/SLA_clock_ic_c134066a55.svg","Tom. 10:00 AM","Only 2 left"
"https://cdnprod.mafretailproxy.com/assets/images/Vector_2_afde1e66b5_672c4d6a64.png","LOW PRICES","","","https://www.carrefouruae.com/mafuae/en/apple/apple-fuji-premium/p/445934","Apple Fuji Premium","500g - Approx 6 pieces/KG","7",".00","Tom. 10:00 AM","","","https://www.carrefouruae.com/mafuae/en/pears/pear-ya/p/446280","Ya Pear","500g - Approx 10 pieces/KG","4",".50","Tom. 10:00 AM","","","https://www.carrefouruae.com/mafuae/en/exotic-fruit/uae-fig-fresh-pp/p/1848641","Fresh Figs 200g","500g - Approx 2 pieces/KG","8",".99","Tom. 10:00 AM","LOW PRICES","","","https://www.carrefouruae.com/mafuae/en/mango/mango-yellow/p/1077402","Mango Yellow","15",".00","AED","AED 8.50","https://cdnprod.mafretailproxy.com/assets/images/SLA_clock_ic_c134066a55.svg","Tom. 10:00 AM",""
"https://cdnprod.mafretailproxy.com/assets/images/Vector_1_640025361d.svg","Bright Bites","","","https://www.carrefouruae.com/mafuae/en/pineapple/pineapple-premium-honey-glow/p/446978","Pineapple Premium Honey Glow","AED 134.95 per Kilo","26",".99","Tom. 10:00 AM","","","https://www.carrefouruae.com/mafuae/en/apple/apple-royal-gala-x6-pp/p/445931","Apple Royal Gala 6-Piece Pack","","10",".99","Tom. 10:00 AM","","","https://www.carrefouruae.com/mafuae/en/berries/ph-mix-candy-kids-bowl-150gm/p/2259390","Bright Bites Pure Harvest Mixed Candy Tomatoes","","4",".99","Tom. 10:00 AM","","","","https://www.carrefouruae.com/mafuae/en/berries/di-blueberry-premium-500-gm/p/1630369","Les Domaines Blueberries","39",".99","AED","","https://cdnprod.mafretailproxy.com/assets/images/SLA_clock_ic_c134066a55.svg","Tom. 10:00 AM",""
"https://cdnprod.mafretailproxy.com/assets/images/Vector_2_afde1e66b5_672c4d6a64.png","LOW PRICES","","","https://www.carrefouruae.com/mafuae/en/mango/mango-green/p/143313","Mango Green","500g - Approx 5 pieces/KG","6",".30","Tom. 10:00 AM","","","https://www.carrefouruae.com/mafuae/en/packed-fruits/pomegranate-arials-250g-bk/p/1278415","Barakat Fresh Pomegranate Arils 250g","500g - Approx 2 pieces/KG","19",".99","Tom. 10:00 AM","","","https://www.carrefouruae.com/mafuae/en/pineapple/pineapple-baby/p/71091","Baby Pineapple","","9",".99","Tom. 10:00 AM","","","","https://www.carrefouruae.com/mafuae/en/apple/apple-rubis-gold/p/983701","Apple Rubis Gold","7",".00","AED","","https://cdnprod.mafretailproxy.com/assets/images/SLA_clock_ic_c134066a55.svg","Tom. 10:00 AM",""
"","","","","https://www.carrefouruae.com/mafuae/en/berries/driscoll-s-blackberries-170g-pp/p/460568","Driscoll's Blackberries Import 170g","AED 117.59 per Kilo","19",".99","Tom. 10:00 AM","","","https://www.carrefouruae.com/mafuae/en/apple/apple-bag-ep/p/1305136","Apple Bag 900g","","11",".89","Tom. 10:00 AM","","","https://www.carrefouruae.com/mafuae/en/packed-fruits/crf-pomegranate-arils-250g/p/2149893","Carrefour Pomegranate Arils 250g","","17",".99","Tom. 10:00 AM","","","","https://www.carrefouruae.com/mafuae/en/berries/driscoll-s-raspberries-170g-pp/p/460566","Driscoll's Raspberries Import 170g","19",".99","AED","","https://cdnprod.mafretailproxy.com/assets/images/SLA_clock_ic_c134066a55.svg","Only 2 left","Tom. 10:00 AM"
"","","","","https://www.carrefouruae.com/mafuae/en/dates/jomara-dates-w-pistachio-200g/p/993352","Jomara Dates with Pistachios 200g","AED 119.45 per Kilo","23",".89","Tom. 10:00 AM","","","https://www.carrefouruae.com/mafuae/en/dates/sagai-dates-box-1-kg-kh/p/1679831","Khatt Dates Arabian Premium Sagai Dates 1Kg","AED 75.96 per Kilo","24",".99","Tom. 10:00 AM","","","https://www.carrefouruae.com/mafuae/en/packed-fruits/h-fruits-pomegranate-seeds-250g/p/1556075","Hello Fruits Pomegranate Seeds 250g","1KG - Approx 1 piece/KG","18",".99","Tom. 10:00 AM","","","","https://www.carrefouruae.com/mafuae/en/grapefruit-pomelo/pomelo/p/446570","Pomelo","12",".99","AED","","https://cdnprod.mafretailproxy.com/assets/images/SLA_clock_ic_c134066a55.svg","Tom. 10:00 AM",""
"https://cdnprod.mafretailproxy.com/assets/images/Vector_1_640025361d.svg","Bright Bites","","","https://www.carrefouruae.com/mafuae/en/dates/dates-crown-majdoul-900g/p/2232785","Dates Crown Majdoul 900g","AED 164.36 per Kilo","42",".99","Tom. 10:00 AM","","","https://www.carrefouruae.com/mafuae/en/dates/jomara-astd-filled-dates-330g-g-box/p/1361338","Jomara Filled Dates 330g","300g - Approx 8 pieces/KG","59",".99","Tom. 10:00 AM","","","https://www.carrefouruae.com/mafuae/en/mango/mango-baby/p/1223060","Mango Baby","","18",".00","Tom. 10:00 AM","","","","https://www.carrefouruae.com/mafuae/en/berries/ph-candy-kids-bowl-150gm/p/2259394","Bright Bites Pure Harvest Candy Tomatoes","4",".99","AED","","https://cdnprod.mafretailproxy.com/assets/images/SLA_clock_ic_c134066a55.svg","Tom. 10:00 AM",""
"","","","","https://www.carrefouruae.com/mafuae/en/apple/apple-red-x6-pp/p/445929","Apple Red 6-Piece Pack","AED 37.97 per Kilo","10",".99","Tom. 10:00 AM","","","https://www.carrefouruae.com/mafuae/en/dates/mamoul-premium-dates-350g-kh/p/1796179","Khat Mamoul Premium Dates 350g","800g - Approx 1 piece/KG","13",".29","Only 2 left","","","https://www.carrefouruae.com/mafuae/en/grapefruit-pomelo/pomelo-red-flesh/p/1132467","Red-Flesh Pomelo","","10",".39","Tom. 10:00 AM","","","","https://www.carrefouruae.com/mafuae/en/peaches-nectarines/peach-pp-premium-500g/p/1206806","Peach Premium 500g","7",".99","AED","","https://cdnprod.mafretailproxy.com/assets/images/SLA_clock_ic_c134066a55.svg","Tom. 10:00 AM","Tom. 10:00 AM"
"https://cdnprod.mafretailproxy.com/assets/images/Vector_2_afde1e66b5_672c4d6a64.png","LOW PRICES","","","https://www.carrefouruae.com/mafuae/en/dates/bayara-sukkari-fresh-500g/p/1222068","Bayara Dates Sukkary Fresh 500g","AED 29.98 per Kilo","14",".99","Tom. 10:00 AM","","","https://www.carrefouruae.com/mafuae/en/pears/pear-nashi/p/446228","Nashi Pear","500g - Approx 10 pieces/KG","6",".95","Tom. 10:00 AM","","","https://www.carrefouruae.com/mafuae/en/dates/dates-royal-400g-kd/p/314112","Kingdom Dates Royal 500g","AED 19.98 per Kilo","9",".99","Tom. 10:00 AM","","","","https://www.carrefouruae.com/mafuae/en/dates/dates-with-almond-kd/p/644896","Kingdom Dates With Almond 350g","26",".99","AED","","https://cdnprod.mafretailproxy.com/assets/images/SLA_clock_ic_c134066a55.svg","Tom. 10:00 AM",""
"","","","","https://www.carrefouruae.com/mafuae/en/dates/gift-dubai-buy-2-get-1-free-kh/p/1637399","Khatt Gift Dubai Buy 2 Get 1 Free","AED 27.77 per Kilo","24",".99","Tom. 10:00 AM","","","https://www.carrefouruae.com/mafuae/en/clementine-mandarin/mandarin-afourer-kgs/p/2265359","Mandarin Afourer","500g - Approx 2 pieces/KG","3",".94","Tom. 10:00 AM","","","https://www.carrefouruae.com/mafuae/en/berries/mix-berries/p/1101064","Mixed Berries","AED 89.97 per Kilo","26",".99","Tom. 10:00 AM","","","","https://www.carrefouruae.com/mafuae/en/dates/dates-paste-1kg-t33-kd/p/182363","Saudi Date Paste 1kg","13",".99","AED","","https://cdnprod.mafretailproxy.com/assets/images/SLA_clock_ic_c134066a55.svg","Tom. 10:00 AM",""
"","","","","https://www.carrefouruae.com/mafuae/en/exotic-fruit/tamarind-sweet-pp/p/447113","Sweet Tamarind 500g","AED 39.98 per Kilo","17",".99","Tom. 10:00 AM","","","https://www.carrefouruae.com/mafuae/en/dates/sukari-dates-buy-2-get-1-free-kd/p/183188","Kingdom Dates Sukari Dates 500g x3","","32",".99","Tom. 10:00 AM","","","https://www.carrefouruae.com/mafuae/en/berries/blueberry-premium-300g/p/1408562","Driscoll's Blueberries 300g","","29",".99","Tom. 10:00 AM","","","","https://www.carrefouruae.com/mafuae/en/berries/di-blueberry-sekoya-300g/p/2263103","Fruitist Go Blueberry Import 300g","28",".99","AED","","https://cdnprod.mafretailproxy.com/assets/images/SLA_clock_ic_c134066a55.svg","Tom. 10:00 AM",""
"","","","","https://www.carrefouruae.com/mafuae/en/melon/di-watermelon-mini/p/1105802","Mini Watermelon","1.50KG - Approx 1 piece/KG","29",".99","Tom. 10:00 AM","","","https://www.carrefouruae.com/mafuae/en/dates/dates-serri-box-800-gm-kh/p/1685935","Khatt  Serri Dates 800g","AED 17.49 per Kilo","13",".99","Tom. 10:00 AM","","","https://www.carrefouruae.com/mafuae/en/exotic-fruit/coco-thumb-premium/p/330167","Coco Thumb Premium","","18",".99","Tom. 10:00 AM","","","","https://www.carrefouruae.com/mafuae/en/apricot-plums/plum-black-pp/p/1269459","Plum Black","7",".99","AED","","https://cdnprod.mafretailproxy.com/assets/images/SLA_clock_ic_c134066a55.svg","Tom. 10:00 AM",""
"","","","","https://www.carrefouruae.com/mafuae/en/exotic-fruit/chickoo/p/446873","Chickoo","500g - Approx 20 pieces/KG","6",".50","Tom. 10:00 AM","","","https://www.carrefouruae.com/mafuae/en/mango/di-mango-kent/p/2230358","Mango Kent Import","500g - Approx 2 pieces/KG","25",".00","Tom. 10:00 AM","","","https://www.carrefouruae.com/mafuae/en/packed-fruits/h-fruits-watermelon-chunks-250g/p/1556072","Hello Fruits Watermelon Chunks 250 gm","AED 39.96 per Kilo","9",".99","Tom. 10:00 AM","","","","https://www.carrefouruae.com/mafuae/en/dates/jomara-tube-date-mamoul-250g/p/1405673","Jomara Date Mamoul Tube 250g","24",".99","AED","","https://cdnprod.mafretailproxy.com/assets/images/SLA_clock_ic_c134066a55.svg","Tom. 10:00 AM",""
"https://cdnprod.mafretailproxy.com/assets/images/Vector_2_afde1e66b5_672c4d6a64.png","LOW PRICES","https://www.carrefouruae.com/mafuae/en/apple/apple-fuji-premium/p/445934","https://cdn.mafrservices.com/pim-content/UAE/media/product/445934/1768450376/445934_main.jpg?im=Resize=(300,300)","https://www.carrefouruae.com/mafuae/en/apple/apple-fuji-premium/p/445934","Apple Fuji Premium","500g - Approx 6 pieces/KG","7",".00","Tom. 10:00 AM","https://www.carrefouruae.com/mafuae/en/pears/pear-ya/p/446280","https://cdn.mafrservices.com/sys-master-root/h9a/h5c/12501695725598/446280_main.jpg?im=Resize=(300,300)","https://www.carrefouruae.com/mafuae/en/pears/pear-ya/p/446280","Ya Pear","500g - Approx 10 pieces/KG","4",".50","Tom. 10:00 AM","https://www.carrefouruae.com/mafuae/en/exotic-fruit/uae-fig-fresh-pp/p/1848641","https://cdn.mafrservices.com/sys-master-root/h81/hbf/26562863366174/1848641_main.jpg?im=Resize=(300,300)","https://www.carrefouruae.com/mafuae/en/exotic-fruit/uae-fig-fresh-pp/p/1848641","Fresh Figs 200g","500g - Approx 2 pieces/KG","8",".99","Tom. 10:00 AM","LOW PRICES","https://www.carrefouruae.com/mafuae/en/mango/mango-yellow/p/1077402","https://cdn.mafrservices.com/sys-master-root/hbf/h2a/11338114924574/1077402_main.jpg?im=Resize=(300,300)","https://www.carrefouruae.com/mafuae/en/mango/mango-yellow/p/1077402","Mango Yellow","15",".00","AED","AED 8.50","https://cdnprod.mafretailproxy.com/assets/images/SLA_clock_ic_c134066a55.svg","Tom. 10:00 AM",""
"https://cdnprod.mafretailproxy.com/assets/images/Vector_1_640025361d.svg","Bright Bites","https://www.carrefouruae.com/mafuae/en/pineapple/pineapple-premium-honey-glow/p/446978","https://cdn.mafrservices.com/sys-master-root/h60/h07/13078245408798/446978_main.jpg?im=Resize=(300,300)","https://www.carrefouruae.com/mafuae/en/pineapple/pineapple-premium-honey-glow/p/446978","Pineapple Premium Honey Glow","AED 134.95 per Kilo","26",".99","Tom. 10:00 AM","https://www.carrefouruae.com/mafuae/en/berries/di-blueberry-premium-500-gm/p/1630369","https://cdn.mafrservices.com/pim-content/UAE/media/product/1630369/1738730692/1630369_main.jpg?im=Resize=(300,300)","https://www.carrefouruae.com/mafuae/en/apple/apple-royal-gala-x6-pp/p/445931","Apple Royal Gala 6-Piece Pack","","10",".99","Tom. 10:00 AM","https://www.carrefouruae.com/mafuae/en/berries/ph-mix-candy-kids-bowl-150gm/p/2259390","https://cdn.mafrservices.com/pim-content/UAE/media/product/2259390/1758255004/2259390_main.jpg?im=Resize=(300,300)","https://www.carrefouruae.com/mafuae/en/berries/ph-mix-candy-kids-bowl-150gm/p/2259390","Bright Bites Pure Harvest Mixed Candy Tomatoes","","4",".99","Tom. 10:00 AM","","https://www.carrefouruae.com/mafuae/en/apple/apple-royal-gala-x6-pp/p/445931","https://cdn.mafrservices.com/sys-master-root/h68/heb/14728954216478/445931_main.jpg?im=Resize=(300,300)","https://www.carrefouruae.com/mafuae/en/berries/di-blueberry-premium-500-gm/p/1630369","Les Domaines Blueberries","39",".99","AED","","https://cdnprod.mafretailproxy.com/assets/images/SLA_clock_ic_c134066a55.svg","Tom. 10:00 AM",""
"https://cdnprod.mafretailproxy.com/assets/images/Vector_2_afde1e66b5_672c4d6a64.png","LOW PRICES","https://www.carrefouruae.com/mafuae/en/mango/mango-green/p/143313","https://cdn.mafrservices.com/sys-master-root/h4f/ha0/49223749238814/143313_main.jpg?im=Resize=(300,300)","https://www.carrefouruae.com/mafuae/en/mango/mango-green/p/143313","Mango Green","500g - Approx 5 pieces/KG","6",".30","Tom. 10:00 AM","https://www.carrefouruae.com/mafuae/en/pineapple/pineapple-baby/p/71091","https://cdn.mafrservices.com/sys-master-root/h1e/h52/49363782139934/71091_main.jpg?im=Resize=(300,300)","https://www.carrefouruae.com/mafuae/en/packed-fruits/pomegranate-arials-250g-bk/p/1278415","Barakat Fresh Pomegranate Arils 250g","500g - Approx 2 pieces/KG","19",".99","Tom. 10:00 AM","https://www.carrefouruae.com/mafuae/en/apple/apple-rubis-gold/p/983701","https://cdn.mafrservices.com/pim-content/UAE/media/product/983701/1765450052/983701_main.jpg?im=Resize=(300,300)","https://www.carrefouruae.com/mafuae/en/pineapple/pineapple-baby/p/71091","Baby Pineapple","","9",".99","Tom. 10:00 AM","","https://www.carrefouruae.com/mafuae/en/packed-fruits/pomegranate-arials-250g-bk/p/1278415","https://cdn.mafrservices.com/pim-content/UAE/media/product/1278415/1726563604/1278415_main.jpg?im=Resize=(300,300)","https://www.carrefouruae.com/mafuae/en/apple/apple-rubis-gold/p/983701","Apple Rubis Gold","7",".00","AED","","https://cdnprod.mafretailproxy.com/assets/images/SLA_clock_ic_c134066a55.svg","Tom. 10:00 AM",""
"","","https://www.carrefouruae.com/mafuae/en/apple/apple-bag-ep/p/1305136","https://cdn.mafrservices.com/pim-content/UAE/media/product/1305136/1724825403/1305136_main.jpg?im=Resize=(300,300)","https://www.carrefouruae.com/mafuae/en/berries/driscoll-s-blackberries-170g-pp/p/460568","Driscoll's Blackberries Import 170g","AED 117.59 per Kilo","19",".99","Tom. 10:00 AM","https://www.carrefouruae.com/mafuae/en/packed-fruits/crf-pomegranate-arils-250g/p/2149893","https://cdn.mafrservices.com/pim-content/UAE/media/product/2149893/1743656403/2149893_main.jpg?im=Resize=(300,300)","https://www.carrefouruae.com/mafuae/en/apple/apple-bag-ep/p/1305136","Apple Bag 900g","","11",".89","Tom. 10:00 AM","https://www.carrefouruae.com/mafuae/en/berries/driscoll-s-raspberries-170g-pp/p/460566","https://cdn.mafrservices.com/sys-master-root/h4b/hed/48028953935902/460566_main.jpg?im=Resize=(300,300)","https://www.carrefouruae.com/mafuae/en/packed-fruits/crf-pomegranate-arils-250g/p/2149893","Carrefour Pomegranate Arils 250g","","17",".99","Tom. 10:00 AM","","https://www.carrefouruae.com/mafuae/en/berries/driscoll-s-blackberries-170g-pp/p/460568","https://cdn.mafrservices.com/sys-master-root/h74/h75/47328671137822/460568_main.jpg?im=Resize=(300,300)","https://www.carrefouruae.com/mafuae/en/berries/driscoll-s-raspberries-170g-pp/p/460566","Driscoll's Raspberries Import 170g","19",".99","AED","","https://cdnprod.mafretailproxy.com/assets/images/SLA_clock_ic_c134066a55.svg","Only 2 left","Tom. 10:00 AM"
"","","https://www.carrefouruae.com/mafuae/en/dates/jomara-dates-w-pistachio-200g/p/993352","https://cdn.mafrservices.com/sys-master-root/hba/h68/28260008394782/993352_main.jpg?im=Resize=(300,300)","https://www.carrefouruae.com/mafuae/en/dates/jomara-dates-w-pistachio-200g/p/993352","Jomara Dates with Pistachios 200g","AED 119.45 per Kilo","23",".89","Tom. 10:00 AM","https://www.carrefouruae.com/mafuae/en/grapefruit-pomelo/pomelo/p/446570","https://cdn.mafrservices.com/pim-content/UAE/media/product/446570/1726571403/446570_main.jpg?im=Resize=(300,300)","https://www.carrefouruae.com/mafuae/en/dates/sagai-dates-box-1-kg-kh/p/1679831","Khatt Dates Arabian Premium Sagai Dates 1Kg","AED 75.96 per Kilo","24",".99","Tom. 10:00 AM","https://www.carrefouruae.com/mafuae/en/packed-fruits/h-fruits-pomegranate-seeds-250g/p/1556075","https://cdn.mafrservices.com/pim-content/UAE/media/product/1556075/1738753203/1556075_main.jpg?im=Resize=(300,300)","https://www.carrefouruae.com/mafuae/en/packed-fruits/h-fruits-pomegranate-seeds-250g/p/1556075","Hello Fruits Pomegranate Seeds 250g","1KG - Approx 1 piece/KG","18",".99","Tom. 10:00 AM","","https://www.carrefouruae.com/mafuae/en/dates/sagai-dates-box-1-kg-kh/p/1679831","https://cdn.mafrservices.com/sys-master-root/h18/hcc/15022255112222/1679831_main.jpg?im=Resize=(300,300)","https://www.carrefouruae.com/mafuae/en/grapefruit-pomelo/pomelo/p/446570","Pomelo","12",".99","AED","","https://cdnprod.mafretailproxy.com/assets/images/SLA_clock_ic_c134066a55.svg","Tom. 10:00 AM",""
"https://cdnprod.mafretailproxy.com/assets/images/Vector_1_640025361d.svg","Bright Bites","https://www.carrefouruae.com/mafuae/en/dates/dates-crown-majdoul-900g/p/2232785","https://cdn.mafrservices.com/pim-content/UAE/media/product/2232785/1740740403/2232785_main.jpg?im=Resize=(300,300)","https://www.carrefouruae.com/mafuae/en/dates/dates-crown-majdoul-900g/p/2232785","Dates Crown Majdoul 900g","AED 164.36 per Kilo","42",".99","Tom. 10:00 AM","https://www.carrefouruae.com/mafuae/en/dates/jomara-astd-filled-dates-330g-g-box/p/1361338","https://cdn.mafrservices.com/sys-master-root/hbc/h2d/28244287881246/1361338_main.jpg?im=Resize=(300,300)","https://www.carrefouruae.com/mafuae/en/dates/jomara-astd-filled-dates-330g-g-box/p/1361338","Jomara Filled Dates 330g","300g - Approx 8 pieces/KG","59",".99","Tom. 10:00 AM","https://www.carrefouruae.com/mafuae/en/mango/mango-baby/p/1223060","https://cdn.mafrservices.com/sys-master-root/hc5/ha0/13753926090782/1223060_main.jpg?im=Resize=(300,300)","https://www.carrefouruae.com/mafuae/en/mango/mango-baby/p/1223060","Mango Baby","","18",".00","Tom. 10:00 AM","","https://www.carrefouruae.com/mafuae/en/berries/ph-candy-kids-bowl-150gm/p/2259394","https://cdn.mafrservices.com/pim-content/UAE/media/product/2259394/1758255004/2259394_main.jpg?im=Resize=(300,300)","https://www.carrefouruae.com/mafuae/en/berries/ph-candy-kids-bowl-150gm/p/2259394","Bright Bites Pure Harvest Candy Tomatoes","4",".99","AED","","https://cdnprod.mafretailproxy.com/assets/images/SLA_clock_ic_c134066a55.svg","Tom. 10:00 AM",""
"","","https://www.carrefouruae.com/mafuae/en/grapefruit-pomelo/pomelo-red-flesh/p/1132467","https://cdn.mafrservices.com/sys-master-root/h6b/h8a/11232539181086/1132467_main.jpg?im=Resize=(300,300)","https://www.carrefouruae.com/mafuae/en/apple/apple-red-x6-pp/p/445929","Apple Red 6-Piece Pack","AED 37.97 per Kilo","10",".99","Tom. 10:00 AM","https://www.carrefouruae.com/mafuae/en/peaches-nectarines/peach-pp-premium-500g/p/1206806","https://cdn.mafrservices.com/pim-content/UAE/media/product/1206806/1776085200/1206806_main.jpg?im=Resize=(300,300)","https://www.carrefouruae.com/mafuae/en/dates/mamoul-premium-dates-350g-kh/p/1796179","Khat Mamoul Premium Dates 350g","800g - Approx 1 piece/KG","13",".29","Only 2 left","https://www.carrefouruae.com/mafuae/en/dates/mamoul-premium-dates-350g-kh/p/1796179","https://cdn.mafrservices.com/sys-master-root/hf3/h47/14728804368414/1796179_main.jpg?im=Resize=(300,300)","https://www.carrefouruae.com/mafuae/en/grapefruit-pomelo/pomelo-red-flesh/p/1132467","Red-Flesh Pomelo","","10",".39","Tom. 10:00 AM","","https://www.carrefouruae.com/mafuae/en/apple/apple-red-x6-pp/p/445929","https://cdn.mafrservices.com/sys-master-root/h8c/h8e/49363778895902/445929_main.jpg?im=Resize=(300,300)","https://www.carrefouruae.com/mafuae/en/peaches-nectarines/peach-pp-premium-500g/p/1206806","Peach Premium 500g","7",".99","AED","","https://cdnprod.mafretailproxy.com/assets/images/SLA_clock_ic_c134066a55.svg","Tom. 10:00 AM","Tom. 10:00 AM"
"https://cdnprod.mafretailproxy.com/assets/images/Vector_2_afde1e66b5_672c4d6a64.png","LOW PRICES","https://www.carrefouruae.com/mafuae/en/dates/dates-with-almond-kd/p/644896","https://cdn.mafrservices.com/pim-content/UAE/media/product/644896/1773208800/644896_main.jpg?im=Resize=(300,300)","https://www.carrefouruae.com/mafuae/en/dates/bayara-sukkari-fresh-500g/p/1222068","Bayara Dates Sukkary Fresh 500g","AED 29.98 per Kilo","14",".99","Tom. 10:00 AM","https://www.carrefouruae.com/mafuae/en/dates/dates-royal-400g-kd/p/314112","https://cdn.mafrservices.com/pim-content/UAE/media/product/314112/1772781000/314112_main.jpg?im=Resize=(300,300)","https://www.carrefouruae.com/mafuae/en/pears/pear-nashi/p/446228","Nashi Pear","500g - Approx 10 pieces/KG","6",".95","Tom. 10:00 AM","https://www.carrefouruae.com/mafuae/en/pears/pear-nashi/p/446228","https://cdn.mafrservices.com/sys-master-root/haa/h6f/12631669997598/446228_main.jpg?im=Resize=(300,300)","https://www.carrefouruae.com/mafuae/en/dates/dates-royal-400g-kd/p/314112","Kingdom Dates Royal 500g","AED 19.98 per Kilo","9",".99","Tom. 10:00 AM","","https://www.carrefouruae.com/mafuae/en/dates/bayara-sukkari-fresh-500g/p/1222068","https://cdn.mafrservices.com/sys-master-root/h24/hd6/32032985055262/1222068_main.jpg?im=Resize=(300,300)","https://www.carrefouruae.com/mafuae/en/dates/dates-with-almond-kd/p/644896","Kingdom Dates With Almond 350g","26",".99","AED","","https://cdnprod.mafretailproxy.com/assets/images/SLA_clock_ic_c134066a55.svg","Tom. 10:00 AM",""
"","","https://www.carrefouruae.com/mafuae/en/berries/blueberry-premium-300g/p/1408562","https://cdn.mafrservices.com/pim-content/UAE/media/product/1408562/1756975475/1408562_main.jpg?im=Resize=(300,300)","https://www.carrefouruae.com/mafuae/en/exotic-fruit/tamarind-sweet-pp/p/447113","Sweet Tamarind 500g","AED 39.98 per Kilo","17",".99","Tom. 10:00 AM","https://www.carrefouruae.com/mafuae/en/berries/di-blueberry-sekoya-300g/p/2263103","https://cdn.mafrservices.com/pim-content/UAE/media/product/2263103/1762837203/2263103_main.jpg?im=Resize=(300,300)","https://www.carrefouruae.com/mafuae/en/dates/sukari-dates-buy-2-get-1-free-kd/p/183188","Kingdom Dates Sukari Dates 500g x3","","32",".99","Tom. 10:00 AM","https://www.carrefouruae.com/mafuae/en/dates/sukari-dates-buy-2-get-1-free-kd/p/183188","https://cdn.mafrservices.com/pim-content/UAE/media/product/183188/1772781000/183188_main.jpg?im=Resize=(300,300)","https://www.carrefouruae.com/mafuae/en/berries/blueberry-premium-300g/p/1408562","Driscoll's Blueberries 300g","","29",".99","Tom. 10:00 AM","","https://www.carrefouruae.com/mafuae/en/exotic-fruit/tamarind-sweet-pp/p/447113","https://cdn.mafrservices.com/sys-master-root/h7c/h2a/12631671177246/447113_main.jpg?im=Resize=(300,300)","https://www.carrefouruae.com/mafuae/en/berries/di-blueberry-sekoya-300g/p/2263103","Fruitist Go Blueberry Import 300g","28",".99","AED","","https://cdnprod.mafretailproxy.com/assets/images/SLA_clock_ic_c134066a55.svg","Tom. 10:00 AM",""
"","","https://www.carrefouruae.com/mafuae/en/melon/di-watermelon-mini/p/1105802","https://cdn.mafrservices.com/sys-master-root/hd6/h18/11086076248094/1105802_main.jpg?im=Resize=(300,300)","https://www.carrefouruae.com/mafuae/en/melon/di-watermelon-mini/p/1105802","Mini Watermelon","1.50KG - Approx 1 piece/KG","29",".99","Tom. 10:00 AM","https://www.carrefouruae.com/mafuae/en/exotic-fruit/coco-thumb-premium/p/330167","https://cdn.mafrservices.com/pim-content/UAE/media/product/330167/1747119603/330167_main.jpg?im=Resize=(300,300)","https://www.carrefouruae.com/mafuae/en/dates/dates-serri-box-800-gm-kh/p/1685935","Khatt  Serri Dates 800g","AED 17.49 per Kilo","13",".99","Tom. 10:00 AM","https://www.carrefouruae.com/mafuae/en/apricot-plums/plum-black-pp/p/1269459","https://cdn.mafrservices.com/pim-content/UAE/media/product/1269459/1753873462/1269459_main.jpg?im=Resize=(300,300)","https://www.carrefouruae.com/mafuae/en/exotic-fruit/coco-thumb-premium/p/330167","Coco Thumb Premium","","18",".99","Tom. 10:00 AM","","https://www.carrefouruae.com/mafuae/en/dates/dates-serri-box-800-gm-kh/p/1685935","https://cdn.mafrservices.com/pim-content/UAE/media/product/1685935/1741071024/1685935_main.jpg?im=Resize=(300,300)","https://www.carrefouruae.com/mafuae/en/apricot-plums/plum-black-pp/p/1269459","Plum Black","7",".99","AED","","https://cdnprod.mafretailproxy.com/assets/images/SLA_clock_ic_c134066a55.svg","Tom. 10:00 AM",""
"","","https://www.carrefouruae.com/mafuae/en/dates/jomara-dates-w-orange-peel-200g/p/935563","https://cdn.mafrservices.com/sys-master-root/hef/h0b/28260007739422/935563_main.jpg?im=Resize=(300,300)","https://www.carrefouruae.com/mafuae/en/packed-fruits/h-mango-chunks-250grams/p/1742198","Hello Fruits Mango Chunks 250 gm","AED 93.96 per Kilo","23",".49","Tom. 10:00 AM","https://www.carrefouruae.com/mafuae/en/dates/bayara-prm-date-syrup1kg-spcal-off/p/1504548","https://cdn.mafrservices.com/sys-master-root/h8c/h59/14728509653022/1504548_main.jpg?im=Resize=(300,300)","https://www.carrefouruae.com/mafuae/en/dates/seedless-dates-250g-buy-1-get-1-kd/p/1818424","Seedless Dates 250g Buy 1 Get 1 Free","AED 119.95 per Kilo","19",".99","Tom. 10:00 AM","https://www.carrefouruae.com/mafuae/en/dates/seedless-dates-250g-buy-1-get-1-kd/p/1818424","https://cdn.mafrservices.com/pim-content/UAE/media/product/1818424/1772781000/1818424_main.jpg?im=Resize=(300,300)","https://www.carrefouruae.com/mafuae/en/dates/bayara-prm-date-syrup1kg-spcal-off/p/1504548","Bayara Premium Date Syrup 1kg","","19",".99","Tom. 10:00 AM","","https://www.carrefouruae.com/mafuae/en/packed-fruits/h-mango-chunks-250grams/p/1742198","https://cdn.mafrservices.com/sys-master-root/h77/hc9/13256001847326/1742198_main.jpg?im=Resize=(300,300)","https://www.carrefouruae.com/mafuae/en/dates/jomara-dates-w-orange-peel-200g/p/935563","Jomara Dates with Orange Peel 200g","23",".99","AED","","https://cdnprod.mafretailproxy.com/assets/images/SLA_clock_ic_c134066a55.svg","Tom. 10:00 AM",""
"","","https://www.carrefouruae.com/mafuae/en/berries/ld-blueberry-200-g-pp-tube/p/1630370","https://cdn.mafrservices.com/pim-content/UAE/media/product/1630370/1777888629/1630370_main.jpg?im=Resize=(300,300)","https://www.carrefouruae.com/mafuae/en/berries/ld-blueberry-200-g-pp-tube/p/1630370","Blueberries 200g","500g - Approx 10 pieces/KG","24",".99","Tom. 10:00 AM","https://www.carrefouruae.com/mafuae/en/exotic-fruit/granadilla/p/1101141","https://cdn.mafrservices.com/pim-content/UAE/media/product/1101141/1735021224/1101141_main.jpg?im=Resize=(300,300)","https://www.carrefouruae.com/mafuae/en/exotic-fruit/granadilla/p/1101141","Granadilla","AED 34.22 per Kilo","35",".00","Tom. 10:00 AM","https://www.carrefouruae.com/mafuae/en/dates/bayara-dates-deglet-nour-250gr/p/499736","https://cdn.mafrservices.com/sys-master-root/h13/h0f/32033194508318/499736_main.jpg?im=Resize=(300,300)","https://www.carrefouruae.com/mafuae/en/packed-fruits/h-fruit-watermelon-chunks-big-400g/p/1556068","Hello Fruits Watermelon Chunks Big 400 gm","AED 27.96 per Kilo","13",".69","Only 2 left","","https://www.carrefouruae.com/mafuae/en/packed-fruits/h-fruit-watermelon-chunks-big-400g/p/1556068","https://cdn.mafrservices.com/pim-content/UAE/media/product/1556068/1724836203/1556068_main.jpg?im=Resize=(300,300)","https://www.carrefouruae.com/mafuae/en/dates/bayara-dates-deglet-nour-250gr/p/499736","Bayara Dates Deglet Nour 250g","6",".99","AED","","https://cdnprod.mafretailproxy.com/assets/images/SLA_clock_ic_c134066a55.svg","Tom. 10:00 AM","Tom. 10:00 AM"
"","","","","https://www.carrefouruae.com/mafuae/en/dates/dates-khlas-kg-v03-kd/p/181570","Kingdom Dates Khalas 1kg","AED 51.96 per Kilo","17",".99","Tom. 10:00 AM","","","https://www.carrefouruae.com/mafuae/en/packed-fruits/h-fruits-mixed-fruit-salad-250g/p/1556078","Hello Fruits Mixed Fruit Salad 250 gm","AED 119.96 per Kilo","12",".99","Only 2 left","","","https://www.carrefouruae.com/mafuae/en/dates/jomara-dates-almond-275g-gift-box/p/711369","Jomara Dates With Almond 250g","AED 58.76 per Kilo","29",".99","Tom. 10:00 AM","","","","https://www.carrefouruae.com/mafuae/en/exotic-fruit/golden-berries/p/1504862","Golden Berries","9",".99","AED","","https://cdnprod.mafretailproxy.com/assets/images/SLA_clock_ic_c134066a55.svg","Tom. 10:00 AM","Only 2 left"
"","","","","https://www.carrefouruae.com/mafuae/en/dates/khalas-al-qaseem-kd/p/869984","Kingdom Dates Khalas Al Qaseem Dates 1kg","AED 61.96 per Kilo","32",".29","Tom. 10:00 AM","","","https://www.carrefouruae.com/mafuae/en/dates/dates-syrup-1-kg-kd/p/182365","Kingdom Dates Syrup Dates 1Kg","AED 42.47 per Kilo","17",".49","Tom. 10:00 AM","","","https://www.carrefouruae.com/mafuae/en/dates/premium-seedless-dates-250g-kd/p/994315","Kingdome Dates Premium Seedless Dates 250g","","15",".49","Tom. 10:00 AM","","","","https://www.carrefouruae.com/mafuae/en/dates/date-crown-syrup-400g/p/870770","Date Crown Date Syrup 400g","16",".99","AED","","https://cdnprod.mafretailproxy.com/assets/images/SLA_clock_ic_c134066a55.svg","Tom. 10:00 AM",""
"","","","","https://www.carrefouruae.com/mafuae/en/dates/dates-assorted-100gx3-kd-kd/p/1584253","Kingdom Dates Assorted Dates 3X100g","AED 63.30 per Kilo","18",".99","Tom. 10:00 AM","","","https://www.carrefouruae.com/mafuae/en/clementine-mandarin/kumquat-pp/p/679662","Kumquat","AED 74.95 per Kilo","14",".99","Tom. 10:00 AM","","","https://www.carrefouruae.com/mafuae/en/dates/date-crown-kheneizi-500g/p/1056280","Dates Crown Kheneizi Dates 500g","","14",".99","Only 2 left","","","","https://www.carrefouruae.com/mafuae/en/dates/dates-choco-350g-200g-free-kd/p/247203","Chocolate Dates 550g","27",".99","AED","","https://cdnprod.mafretailproxy.com/assets/images/SLA_clock_ic_c134066a55.svg","Tom. 10:00 AM","Tom. 10:00 AM"
"","","","","https://www.carrefouruae.com/mafuae/en/dates/byra-ajwahdate400gziperpouch-spcal/p/1504558","Bayara Ajwah Dates 400g","500g - Approx 10 pieces/KG","31",".99","Tom. 10:00 AM","","","https://www.carrefouruae.com/mafuae/en/dates/date-crown-lulu-500-g/p/870769","Date Crown Lulu Dates 500g","","14",".29","Only 2 left","","","https://www.carrefouruae.com/mafuae/en/pears/pear-coscia/p/446223","Coscia Pear","","9",".50","Tom. 10:00 AM","","","","https://www.carrefouruae.com/mafuae/en/dates/jomara-premium-filled-dates/p/1705702","Jomara Premium Filled Dates 180g","20",".99","AED","","https://cdnprod.mafretailproxy.com/assets/images/SLA_clock_ic_c134066a55.svg","Tom. 10:00 AM","Tom. 10:00 AM"
"","","","","https://www.carrefouruae.com/mafuae/en/dates/dates-with-nuts-kd/p/1450698","Kingdom Dates With Nuts 300g","AED 46.76 per Kilo","16",".99","Tom. 10:00 AM","","","https://www.carrefouruae.com/mafuae/en/packed-fruits/h-fruits-tri-colour-melon-250g/p/1556079","Hello Fruits Tri Colour Melon 250g","AED 166.61 per Kilo","11",".69","Tom. 10:00 AM","","","https://www.carrefouruae.com/mafuae/en/dates/date-crown-fard-500-g/p/870766","Date Crown Fard Dates 500g","","14",".29","Tom. 10:00 AM","","","","https://www.carrefouruae.com/mafuae/en/dates/jomara-pouch-180g-date-choco/p/1705703","Jomara Choco Date Pouch 180g","29",".99","AED","","https://cdnprod.mafretailproxy.com/assets/images/SLA_clock_ic_c134066a55.svg","Tom. 10:00 AM",""
"","","","","https://www.carrefouruae.com/mafuae/en/melon/di-melon-yellow/p/975053","Melon Yellow","2.50KG - Approx 1 piece/KG","49",".97","Tom. 10:00 AM","","","https://www.carrefouruae.com/mafuae/en/dates/jomara-astd-date-choco-250g-gft-box/p/711371","Jomara Date Chocolates 250g","AED 179.96 per Kilo","44",".99","Tom. 10:00 AM","","","https://www.carrefouruae.com/mafuae/en/dates/chocolate-dates-350-200-200-kd/p/1713574","ChocoDubai Chocolate Dates 750g Assorted","AED 92.48 per Kilo","36",".99","Tom. 10:00 AM","","","","https://www.carrefouruae.com/mafuae/en/dates/dates-jomara-with-almonds-180g/p/383096","Jomara Dates with Almonds 200g","23",".99","AED","","https://cdnprod.mafretailproxy.com/assets/images/SLA_clock_ic_c134066a55.svg","Tom. 10:00 AM",""
"","","","","https://www.carrefouruae.com/mafuae/en/dates/dates-500g-buy-2-get-1-free-kd-sd/p/1503715","Kingdom Dates Saudi Dates 500g Buy 2 Get 1 Free","AED 13.33 per Kilo","19",".99","Tom. 10:00 AM","","","https://www.carrefouruae.com/mafuae/en/dates/date-crown-500gx2-1-free/p/1604361","Date Crown Fard Dates 500g+500g","AED 40.48 per Kilo","26",".99","Only 2 left","","","https://www.carrefouruae.com/mafuae/en/packed-fruits/shiro-miso-soup-500ml/p/2243313","Soule Soup Shiro Miso 500 ml","","11",".99","Tom. 10:00 AM","","","","https://www.carrefouruae.com/mafuae/en/packed-fruits/h-fruits-tri-colour-melon-400g/p/1556077","Hello Fruits Tri Colour Melon 400 gm","16",".19","AED","","https://cdnprod.mafretailproxy.com/assets/images/SLA_clock_ic_c134066a55.svg","Tom. 10:00 AM","Only 2 left"
"","","","","https://www.carrefouruae.com/mafuae/en/dates/dates-with-almond-700-grs-kd/p/1112076","Kingdom Dates with Almonds 700g","AED 42.13 per Kilo","29",".49","Tom. 10:00 AM","","","https://www.carrefouruae.com/mafuae/en/dates/premium-seedless-dates-500-gm-kd/p/994316","Kingdom Dates Seedless Dates 500g","AED 29.22 per Kilo","27",".99","Tom. 10:00 AM","","","https://www.carrefouruae.com/mafuae/en/packed-fruits/h-fruits-watermelon-slices-400g/p/1556083","Hello Fruits Watermelon Slices 400 gm","AED 196.30 per Kilo","11",".69","Tom. 10:00 AM","","","","https://www.carrefouruae.com/mafuae/en/dates/jomara-ass-dates-tin-can/p/1163061","Jomara Dates 400g","58",".89","AED","","https://cdnprod.mafretailproxy.com/assets/images/SLA_clock_ic_c134066a55.svg","Tom. 10:00 AM",""
"","","","","https://www.carrefouruae.com/mafuae/en/packed-fruits/h-fruit-mixed-fruit-salad-big-400g/p/1556076","Hello Fruits Mixed Fruit Salad Big 400 gm","AED 42.47 per Kilo","16",".99","Only 2 left","","","https://www.carrefouruae.com/mafuae/en/orange/orange-navel/p/71069","Orange Navel","1KG - Approx 3 pieces/KG","7",".89","Tom. 10:00 AM","","","https://www.carrefouruae.com/mafuae/en/exotic-fruit/phithaya-yellow/p/1101139","Phithaya Yellow","500g - Approx 3 pieces/KG","40",".00","Tom. 10:00 AM","","","","https://www.carrefouruae.com/mafuae/en/melon/melon-piel-de-sapo/p/1547494","Melon Piel De Sapo","62",".47","AED","","https://cdnprod.mafretailproxy.com/assets/images/SLA_clock_ic_c134066a55.svg","Tom. 10:00 AM","Tom. 10:00 AM"
"","19% OFF","","","https://www.carrefouruae.com/mafuae/en/dates/bayara-datesaudi-vacm1kgspcal-off/p/1504549","Bayara Saudi Dates Vacuum Pack 1kg","AED 39.99 per Kilo","14",".99","Tom. 10:00 AM","","","https://www.carrefouruae.com/mafuae/en/packed-fruits/roasted-cauliflower-chickpeas-soup/p/2243320","Soule Soup Roasted Cauliflower Chickpeas 500 ml","AED 53.98 per Kilo","13",".99","Tom. 10:00 AM","","","https://www.carrefouruae.com/mafuae/en/dates/dates-with-almond-250gx3-kd/p/1650918","Kingdom Dates  with Almonds 3X250g","","29",".99","Tom. 10:00 AM","10% OFF","","","https://www.carrefouruae.com/mafuae/en/dates/dubai-souvenir-buy-2-get-1-free-kd/p/993649","Kingdom Dates Dubai Souvenir Dates Buy 2 Get 1 Free 350g","26",".99","AED","AED 36.99","https://cdnprod.mafretailproxy.com/assets/images/SLA_clock_ic_c134066a55.svg","Tom. 10:00 AM",""
"","","","","https://www.carrefouruae.com/mafuae/en/exotic-fruit/lychee-pp/p/351497","Lychees 500g","AED 71.98 per Kilo","35",".99","Only 2 left","","","https://www.carrefouruae.com/mafuae/en/dates/dates-saudi-400g-special-offer/p/1711078","Bayara Dates Saudi 400g","500g - Approx 2 pieces/KG","9",".99","Tom. 10:00 AM","","","https://www.carrefouruae.com/mafuae/en/cherries/cherry-red-pack-500-gm/p/1049102","Cherry 500g","","39",".99","Tom. 10:00 AM","","","","https://www.carrefouruae.com/mafuae/en/apple/di-apple-red-leb/p/2243042","Apple Red","19",".50","AED","","https://cdnprod.mafretailproxy.com/assets/images/SLA_clock_ic_c134066a55.svg","Tom. 10:00 AM","Tom. 10:00 AM"
"https://cdnprod.mafretailproxy.com/assets/images/Vector_1_640025361d.svg","Bright Bites","","","https://www.carrefouruae.com/mafuae/en/packed-fruits/oats-blueb-125g/p/2246445","Bright Bites Super Creamy Overnight Oats Blueberry","","6",".49","Tom. 10:00 AM","","","https://www.carrefouruae.com/mafuae/en/packed-fruits/pho-broth-soup-500ml/p/2243321","Soule Pho Broth 500 ml","","24",".99","Tom. 10:00 AM","","","https://www.carrefouruae.com/mafuae/en/packed-fruits/oats-chia-125g/p/2246449","Bright Bites Super Creamy Overnight Oats  Pomengrate","","6",".49","Tom. 10:00 AM","Bright Bites","","","https://www.carrefouruae.com/mafuae/en/packed-fruits/yoghurt-gr-ra-125g/p/2246458","Bright Bites Yoghurt With Granola And Raspberries","7",".49","AED","","https://cdnprod.mafretailproxy.com/assets/images/SLA_clock_ic_c134066a55.svg","Tom. 10:00 AM",""
"","","","","https://www.carrefouruae.com/mafuae/en/melon/di-watermelon-seedless/p/1508026","Watermelon Import Seedless","2KG - Approx 1 piece/KG","51",".98","Tom. 10:00 AM","","","https://www.carrefouruae.com/mafuae/en/packed-fruits/beetroot-soup-500ml/p/2243316","Soule Soup Beetroot 500 ml","500g - Approx 2 pieces/KG","20",".49","Tom. 10:00 AM","","","https://www.carrefouruae.com/mafuae/en/packed-fruits/tomato-soup-500ml/p/2243325","Soule Soup Tomato 500 ml","","26",".99","Tom. 10:00 AM","","","","https://www.carrefouruae.com/mafuae/en/exotic-fruit/prickly-pear/p/446981","Prickly Pear","15",".00","AED","","https://cdnprod.mafretailproxy.com/assets/images/SLA_clock_ic_c134066a55.svg","Tom. 10:00 AM",""
"","","https://www.carrefouruae.com/mafuae/en/dates/jomara-dates-almond-275g-gift-box/p/711369","https://cdn.mafrservices.com/sys-master-root/he3/h93/32348636545054/711369_main.jpg?im=Resize=(300,300)","https://www.carrefouruae.com/mafuae/en/dates/dates-khlas-kg-v03-kd/p/181570","Kingdom Dates Khalas 1kg","AED 51.96 per Kilo","17",".99","Tom. 10:00 AM","https://www.carrefouruae.com/mafuae/en/exotic-fruit/golden-berries/p/1504862","https://cdn.mafrservices.com/sys-master-root/h02/h33/49363774930974/1504862_main.jpg?im=Resize=(300,300)","https://www.carrefouruae.com/mafuae/en/packed-fruits/h-fruits-mixed-fruit-salad-250g/p/1556078","Hello Fruits Mixed Fruit Salad 250 gm","AED 119.96 per Kilo","12",".99","Only 2 left","https://www.carrefouruae.com/mafuae/en/packed-fruits/h-fruits-mixed-fruit-salad-250g/p/1556078","https://cdn.mafrservices.com/pim-content/UAE/media/product/1556078/1724836203/1556078_main.jpg?im=Resize=(300,300)","https://www.carrefouruae.com/mafuae/en/dates/jomara-dates-almond-275g-gift-box/p/711369","Jomara Dates With Almond 250g","AED 58.76 per Kilo","29",".99","Tom. 10:00 AM","","https://www.carrefouruae.com/mafuae/en/dates/dates-khlas-kg-v03-kd/p/181570","https://cdn.mafrservices.com/pim-content/UAE/media/product/181570/1772781000/181570_main.jpg?im=Resize=(300,300)","https://www.carrefouruae.com/mafuae/en/exotic-fruit/golden-berries/p/1504862","Golden Berries","9",".99","AED","","https://cdnprod.mafretailproxy.com/assets/images/SLA_clock_ic_c134066a55.svg","Tom. 10:00 AM","Only 2 left"
"","","https://www.carrefouruae.com/mafuae/en/dates/date-crown-syrup-400g/p/870770","https://cdn.mafrservices.com/sys-master-root/h50/hca/48488104755230/870770_main.jpg?im=Resize=(300,300)","https://www.carrefouruae.com/mafuae/en/dates/khalas-al-qaseem-kd/p/869984","Kingdom Dates Khalas Al Qaseem Dates 1kg","AED 61.96 per Kilo","32",".29","Tom. 10:00 AM","https://www.carrefouruae.com/mafuae/en/dates/premium-seedless-dates-250g-kd/p/994315","https://cdn.mafrservices.com/pim-content/UAE/media/product/994315/1772781000/994315_main.jpg?im=Resize=(300,300)","https://www.carrefouruae.com/mafuae/en/dates/dates-syrup-1-kg-kd/p/182365","Kingdom Dates Syrup Dates 1Kg","AED 42.47 per Kilo","17",".49","Tom. 10:00 AM","https://www.carrefouruae.com/mafuae/en/dates/dates-syrup-1-kg-kd/p/182365","https://cdn.mafrservices.com/pim-content/UAE/media/product/182365/1772781000/182365_main.jpg?im=Resize=(300,300)","https://www.carrefouruae.com/mafuae/en/dates/premium-seedless-dates-250g-kd/p/994315","Kingdome Dates Premium Seedless Dates 250g","","15",".49","Tom. 10:00 AM","","https://www.carrefouruae.com/mafuae/en/dates/khalas-al-qaseem-kd/p/869984","https://cdn.mafrservices.com/pim-content/UAE/media/product/869984/1772781000/869984_main.jpg?im=Resize=(300,300)","https://www.carrefouruae.com/mafuae/en/dates/date-crown-syrup-400g/p/870770","Date Crown Date Syrup 400g","16",".99","AED","","https://cdnprod.mafretailproxy.com/assets/images/SLA_clock_ic_c134066a55.svg","Tom. 10:00 AM",""
"","","https://www.carrefouruae.com/mafuae/en/clementine-mandarin/kumquat-pp/p/679662","https://cdn.mafrservices.com/sys-master-root/hbd/h9d/14728968208414/679662_main.jpg?im=Resize=(300,300)","https://www.carrefouruae.com/mafuae/en/dates/dates-assorted-100gx3-kd-kd/p/1584253","Kingdom Dates Assorted Dates 3X100g","AED 63.30 per Kilo","18",".99","Tom. 10:00 AM","https://www.carrefouruae.com/mafuae/en/dates/dates-choco-350g-200g-free-kd/p/247203","https://cdn.mafrservices.com/pim-content/UAE/media/product/247203/1773208800/247203_main.jpg?im=Resize=(300,300)","https://www.carrefouruae.com/mafuae/en/clementine-mandarin/kumquat-pp/p/679662","Kumquat","AED 74.95 per Kilo","14",".99","Tom. 10:00 AM","https://www.carrefouruae.com/mafuae/en/dates/date-crown-kheneizi-500g/p/1056280","https://cdn.mafrservices.com/sys-master-root/h5a/hb1/48487771766814/1056280_main.jpg?im=Resize=(300,300)","https://www.carrefouruae.com/mafuae/en/dates/date-crown-kheneizi-500g/p/1056280","Dates Crown Kheneizi Dates 500g","","14",".99","Only 2 left","","https://www.carrefouruae.com/mafuae/en/dates/dates-assorted-100gx3-kd-kd/p/1584253","https://cdn.mafrservices.com/pim-content/UAE/media/product/1584253/1773208800/1584253_main.jpg?im=Resize=(300,300)","https://www.carrefouruae.com/mafuae/en/dates/dates-choco-350g-200g-free-kd/p/247203","Chocolate Dates 550g","27",".99","AED","","https://cdnprod.mafretailproxy.com/assets/images/SLA_clock_ic_c134066a55.svg","Tom. 10:00 AM","Tom. 10:00 AM"
"","","https://www.carrefouruae.com/mafuae/en/dates/date-crown-lulu-500-g/p/870769","https://cdn.mafrservices.com/sys-master-root/hce/h7e/48537353715742/870769_main.jpg?im=Resize=(300,300)","https://www.carrefouruae.com/mafuae/en/dates/byra-ajwahdate400gziperpouch-spcal/p/1504558","Bayara Ajwah Dates 400g","500g - Approx 10 pieces/KG","31",".99","Tom. 10:00 AM","https://www.carrefouruae.com/mafuae/en/pears/pear-coscia/p/446223","https://cdn.mafrservices.com/sys-master-root/h82/he8/12495893135390/446223_main.jpg?im=Resize=(300,300)","https://www.carrefouruae.com/mafuae/en/dates/date-crown-lulu-500-g/p/870769","Date Crown Lulu Dates 500g","","14",".29","Only 2 left","https://www.carrefouruae.com/mafuae/en/dates/jomara-premium-filled-dates/p/1705702","https://cdn.mafrservices.com/sys-master-root/h61/h0a/28244290404382/1705702_main.jpg?im=Resize=(300,300)","https://www.carrefouruae.com/mafuae/en/pears/pear-coscia/p/446223","Coscia Pear","","9",".50","Tom. 10:00 AM","","https://www.carrefouruae.com/mafuae/en/dates/byra-ajwahdate400gziperpouch-spcal/p/1504558","https://cdn.mafrservices.com/sys-master-root/h3e/h0f/62295912218654/1504558_main.jpg?im=Resize=(300,300)","https://www.carrefouruae.com/mafuae/en/dates/jomara-premium-filled-dates/p/1705702","Jomara Premium Filled Dates 180g","20",".99","AED","","https://cdnprod.mafretailproxy.com/assets/images/SLA_clock_ic_c134066a55.svg","Tom. 10:00 AM","Tom. 10:00 AM"
"","","https://www.carrefouruae.com/mafuae/en/dates/date-crown-fard-500-g/p/870766","https://cdn.mafrservices.com/sys-master-root/h91/h3c/12632407244830/870766_main.jpg?im=Resize=(300,300)","https://www.carrefouruae.com/mafuae/en/dates/dates-with-nuts-kd/p/1450698","Kingdom Dates With Nuts 300g","AED 46.76 per Kilo","16",".99","Tom. 10:00 AM","https://www.carrefouruae.com/mafuae/en/dates/jomara-pouch-180g-date-choco/p/1705703","https://cdn.mafrservices.com/sys-master-root/h52/h04/28244290273310/1705703_main.jpg?im=Resize=(300,300)","https://www.carrefouruae.com/mafuae/en/packed-fruits/h-fruits-tri-colour-melon-250g/p/1556079","Hello Fruits Tri Colour Melon 250g","AED 166.61 per Kilo","11",".69","Tom. 10:00 AM","https://www.carrefouruae.com/mafuae/en/packed-fruits/h-fruits-tri-colour-melon-250g/p/1556079","https://cdn.mafrservices.com/pim-content/UAE/media/product/1556079/1738753203/1556079_main.jpg?im=Resize=(300,300)","https://www.carrefouruae.com/mafuae/en/dates/date-crown-fard-500-g/p/870766","Date Crown Fard Dates 500g","","14",".29","Tom. 10:00 AM","","https://www.carrefouruae.com/mafuae/en/dates/dates-with-nuts-kd/p/1450698","https://cdn.mafrservices.com/pim-content/UAE/media/product/1450698/1773208800/1450698_main.jpg?im=Resize=(300,300)","https://www.carrefouruae.com/mafuae/en/dates/jomara-pouch-180g-date-choco/p/1705703","Jomara Choco Date Pouch 180g","29",".99","AED","","https://cdnprod.mafretailproxy.com/assets/images/SLA_clock_ic_c134066a55.svg","Tom. 10:00 AM",""
"","","https://www.carrefouruae.com/mafuae/en/melon/di-melon-yellow/p/975053","https://cdn.mafrservices.com/sys-master-root/hbe/hd6/13708946931742/975053_main.jpg?im=Resize=(300,300)","https://www.carrefouruae.com/mafuae/en/melon/di-melon-yellow/p/975053","Melon Yellow","2.50KG - Approx 1 piece/KG","49",".97","Tom. 10:00 AM","https://www.carrefouruae.com/mafuae/en/dates/jomara-astd-date-choco-250g-gft-box/p/711371","https://cdn.mafrservices.com/sys-master-root/hcc/h67/28260006461470/711371_main.jpg?im=Resize=(300,300)","https://www.carrefouruae.com/mafuae/en/dates/jomara-astd-date-choco-250g-gft-box/p/711371","Jomara Date Chocolates 250g","AED 179.96 per Kilo","44",".99","Tom. 10:00 AM","https://www.carrefouruae.com/mafuae/en/dates/chocolate-dates-350-200-200-kd/p/1713574","https://cdn.mafrservices.com/pim-content/UAE/media/product/1713574/1774360869/1713574_main.jpg?im=Resize=(300,300)","https://www.carrefouruae.com/mafuae/en/dates/chocolate-dates-350-200-200-kd/p/1713574","ChocoDubai Chocolate Dates 750g Assorted","AED 92.48 per Kilo","36",".99","Tom. 10:00 AM","","https://www.carrefouruae.com/mafuae/en/dates/dates-jomara-with-almonds-180g/p/383096","https://cdn.mafrservices.com/sys-master-root/h0f/h61/28260006658078/383096_main.jpg?im=Resize=(300,300)","https://www.carrefouruae.com/mafuae/en/dates/dates-jomara-with-almonds-180g/p/383096","Jomara Dates with Almonds 200g","23",".99","AED","","https://cdnprod.mafretailproxy.com/assets/images/SLA_clock_ic_c134066a55.svg","Tom. 10:00 AM",""
"","","https://www.carrefouruae.com/mafuae/en/dates/date-crown-500gx2-1-free/p/1604361","https://cdn.mafrservices.com/sys-master-root/h57/hf0/48487976632350/1604361_main.jpg?im=Resize=(300,300)","https://www.carrefouruae.com/mafuae/en/dates/dates-500g-buy-2-get-1-free-kd-sd/p/1503715","Kingdom Dates Saudi Dates 500g Buy 2 Get 1 Free","AED 13.33 per Kilo","19",".99","Tom. 10:00 AM","https://www.carrefouruae.com/mafuae/en/packed-fruits/h-fruits-tri-colour-melon-400g/p/1556077","https://cdn.mafrservices.com/pim-content/UAE/media/product/1556077/1738753203/1556077_main.jpg?im=Resize=(300,300)","https://www.carrefouruae.com/mafuae/en/dates/date-crown-500gx2-1-free/p/1604361","Date Crown Fard Dates 500g+500g","AED 40.48 per Kilo","26",".99","Only 2 left","https://www.carrefouruae.com/mafuae/en/packed-fruits/shiro-miso-soup-500ml/p/2243313","https://cdn.mafrservices.com/pim-content/UAE/media/product/2243313/1768568400/2243313_main.jpg?im=Resize=(300,300)","https://www.carrefouruae.com/mafuae/en/packed-fruits/shiro-miso-soup-500ml/p/2243313","Soule Soup Shiro Miso 500 ml","","11",".99","Tom. 10:00 AM","","https://www.carrefouruae.com/mafuae/en/dates/dates-500g-buy-2-get-1-free-kd-sd/p/1503715","https://cdn.mafrservices.com/pim-content/UAE/media/product/1503715/1773208800/1503715_main.jpg?im=Resize=(300,300)","https://www.carrefouruae.com/mafuae/en/packed-fruits/h-fruits-tri-colour-melon-400g/p/1556077","Hello Fruits Tri Colour Melon 400 gm","16",".19","AED","","https://cdnprod.mafretailproxy.com/assets/images/SLA_clock_ic_c134066a55.svg","Tom. 10:00 AM","Only 2 left"
"","","https://www.carrefouruae.com/mafuae/en/dates/jomara-ass-dates-tin-can/p/1163061","https://cdn.mafrservices.com/sys-master-root/h5e/h6b/28244283097118/1163061_main.jpg?im=Resize=(300,300)","https://www.carrefouruae.com/mafuae/en/dates/dates-with-almond-700-grs-kd/p/1112076","Kingdom Dates with Almonds 700g","AED 42.13 per Kilo","29",".49","Tom. 10:00 AM","https://www.carrefouruae.com/mafuae/en/packed-fruits/h-fruits-watermelon-slices-400g/p/1556083","https://cdn.mafrservices.com/pim-content/UAE/media/product/1556083/1738753203/1556083_main.jpg?im=Resize=(300,300)","https://www.carrefouruae.com/mafuae/en/dates/premium-seedless-dates-500-gm-kd/p/994316","Kingdom Dates Seedless Dates 500g","AED 29.22 per Kilo","27",".99","Tom. 10:00 AM","https://www.carrefouruae.com/mafuae/en/dates/premium-seedless-dates-500-gm-kd/p/994316","https://cdn.mafrservices.com/pim-content/UAE/media/product/994316/1773208800/994316_main.jpg?im=Resize=(300,300)","https://www.carrefouruae.com/mafuae/en/packed-fruits/h-fruits-watermelon-slices-400g/p/1556083","Hello Fruits Watermelon Slices 400 gm","AED 196.30 per Kilo","11",".69","Tom. 10:00 AM","","https://www.carrefouruae.com/mafuae/en/dates/dates-with-almond-700-grs-kd/p/1112076","https://cdn.mafrservices.com/pim-content/UAE/media/product/1112076/1773208800/1112076_main.jpg?im=Resize=(300,300)","https://www.carrefouruae.com/mafuae/en/dates/jomara-ass-dates-tin-can/p/1163061","Jomara Dates 400g","58",".89","AED","","https://cdnprod.mafretailproxy.com/assets/images/SLA_clock_ic_c134066a55.svg","Tom. 10:00 AM",""
"","19% OFF","https://www.carrefouruae.com/mafuae/en/dates/bayara-datesaudi-vacm1kgspcal-off/p/1504549","https://cdn.mafrservices.com/sys-master-root/h41/hb0/13477727502366/1504549_main.jpg?im=Resize=(300,300)","https://www.carrefouruae.com/mafuae/en/dates/bayara-datesaudi-vacm1kgspcal-off/p/1504549","Bayara Saudi Dates Vacuum Pack 1kg","AED 39.99 per Kilo","14",".99","Tom. 10:00 AM","https://www.carrefouruae.com/mafuae/en/dates/dubai-souvenir-buy-2-get-1-free-kd/p/993649","https://cdn.mafrservices.com/pim-content/UAE/media/product/993649/1772781000/993649_main.jpg?im=Resize=(300,300)","https://www.carrefouruae.com/mafuae/en/packed-fruits/roasted-cauliflower-chickpeas-soup/p/2243320","Soule Soup Roasted Cauliflower Chickpeas 500 ml","AED 53.98 per Kilo","13",".99","Tom. 10:00 AM","https://www.carrefouruae.com/mafuae/en/dates/dates-with-almond-250gx3-kd/p/1650918","https://cdn.mafrservices.com/pim-content/UAE/media/product/1650918/1772781000/1650918_main.jpg?im=Resize=(300,300)","https://www.carrefouruae.com/mafuae/en/dates/dates-with-almond-250gx3-kd/p/1650918","Kingdom Dates  with Almonds 3X250g","","29",".99","Tom. 10:00 AM","10% OFF","https://www.carrefouruae.com/mafuae/en/packed-fruits/roasted-cauliflower-chickpeas-soup/p/2243320","https://cdn.mafrservices.com/pim-content/UAE/media/product/2243320/1768568400/2243320_main.jpg?im=Resize=(300,300)","https://www.carrefouruae.com/mafuae/en/dates/dubai-souvenir-buy-2-get-1-free-kd/p/993649","Kingdom Dates Dubai Souvenir Dates Buy 2 Get 1 Free 350g","26",".99","AED","AED 36.99","https://cdnprod.mafretailproxy.com/assets/images/SLA_clock_ic_c134066a55.svg","Tom. 10:00 AM",""
"","","https://www.carrefouruae.com/mafuae/en/exotic-fruit/lychee-pp/p/351497","https://cdn.mafrservices.com/pim-content/UAE/media/product/351497/1765513241/351497_main.jpg?im=Resize=(300,300)","https://www.carrefouruae.com/mafuae/en/exotic-fruit/lychee-pp/p/351497","Lychees 500g","AED 71.98 per Kilo","35",".99","Only 2 left","https://www.carrefouruae.com/mafuae/en/dates/dates-saudi-400g-special-offer/p/1711078","https://cdn.mafrservices.com/sys-master-root/h8e/hed/62295919067166/1711078_main.jpg?im=Resize=(300,300)","https://www.carrefouruae.com/mafuae/en/dates/dates-saudi-400g-special-offer/p/1711078","Bayara Dates Saudi 400g","500g - Approx 2 pieces/KG","9",".99","Tom. 10:00 AM","https://www.carrefouruae.com/mafuae/en/cherries/cherry-red-pack-500-gm/p/1049102","https://cdn.mafrservices.com/pim-content/UAE/media/product/1049102/1747715030/1049102_main.jpg?im=Resize=(300,300)","https://www.carrefouruae.com/mafuae/en/cherries/cherry-red-pack-500-gm/p/1049102","Cherry 500g","","39",".99","Tom. 10:00 AM","","https://www.carrefouruae.com/mafuae/en/apple/di-apple-red-leb/p/2243042","https://cdn.mafrservices.com/pim-content/UAE/media/product/2243042/1751263204/2243042_main.jpg?im=Resize=(300,300)","https://www.carrefouruae.com/mafuae/en/apple/di-apple-red-leb/p/2243042","Apple Red","19",".50","AED","","https://cdnprod.mafretailproxy.com/assets/images/SLA_clock_ic_c134066a55.svg","Tom. 10:00 AM","Tom. 10:00 AM"
"https://cdnprod.mafretailproxy.com/assets/images/Vector_1_640025361d.svg","Bright Bites","https://www.carrefouruae.com/mafuae/en/packed-fruits/yoghurt-gr-ra-125g/p/2246458","https://cdn.mafrservices.com/pim-content/UAE/media/product/2246458/1757858405/2246458_main.jpg?im=Resize=(300,300)","https://www.carrefouruae.com/mafuae/en/packed-fruits/oats-blueb-125g/p/2246445","Bright Bites Super Creamy Overnight Oats Blueberry","","6",".49","Tom. 10:00 AM","https://www.carrefouruae.com/mafuae/en/packed-fruits/oats-chia-125g/p/2246449","https://cdn.mafrservices.com/pim-content/UAE/media/product/2246449/1757805004/2246449_main.jpg?im=Resize=(300,300)","https://www.carrefouruae.com/mafuae/en/packed-fruits/pho-broth-soup-500ml/p/2243321","Soule Pho Broth 500 ml","","24",".99","Tom. 10:00 AM","https://www.carrefouruae.com/mafuae/en/packed-fruits/pho-broth-soup-500ml/p/2243321","https://cdn.mafrservices.com/pim-content/UAE/media/product/2243321/1768568400/2243321_main.jpg?im=Resize=(300,300)","https://www.carrefouruae.com/mafuae/en/packed-fruits/oats-chia-125g/p/2246449","Bright Bites Super Creamy Overnight Oats  Pomengrate","","6",".49","Tom. 10:00 AM","Bright Bites","https://www.carrefouruae.com/mafuae/en/packed-fruits/oats-blueb-125g/p/2246445","https://cdn.mafrservices.com/pim-content/UAE/media/product/2246445/1757805004/2246445_main.jpg?im=Resize=(300,300)","https://www.carrefouruae.com/mafuae/en/packed-fruits/yoghurt-gr-ra-125g/p/2246458","Bright Bites Yoghurt With Granola And Raspberries","7",".49","AED","","https://cdnprod.mafretailproxy.com/assets/images/SLA_clock_ic_c134066a55.svg","Tom. 10:00 AM",""
"","","https://www.carrefouruae.com/mafuae/en/melon/di-watermelon-seedless/p/1508026","https://cdn.mafrservices.com/pim-content/UAE/media/product/1508026/1741842003/1508026_main.jpg?im=Resize=(300,300)","https://www.carrefouruae.com/mafuae/en/melon/di-watermelon-seedless/p/1508026","Watermelon Import Seedless","2KG - Approx 1 piece/KG","51",".98","Tom. 10:00 AM","https://www.carrefouruae.com/mafuae/en/exotic-fruit/prickly-pear/p/446981","https://cdn.mafrservices.com/pim-content/UAE/media/product/446981/1752739548/446981_main.jpg?im=Resize=(300,300)","https://www.carrefouruae.com/mafuae/en/packed-fruits/beetroot-soup-500ml/p/2243316","Soule Soup Beetroot 500 ml","500g - Approx 2 pieces/KG","20",".49","Tom. 10:00 AM","https://www.carrefouruae.com/mafuae/en/packed-fruits/tomato-soup-500ml/p/2243325","https://cdn.mafrservices.com/pim-content/UAE/media/product/2243325/1768568400/2243325_main.jpg?im=Resize=(300,300)","https://www.carrefouruae.com/mafuae/en/packed-fruits/tomato-soup-500ml/p/2243325","Soule Soup Tomato 500 ml","","26",".99","Tom. 10:00 AM","","https://www.carrefouruae.com/mafuae/en/packed-fruits/beetroot-soup-500ml/p/2243316","https://cdn.mafrservices.com/pim-content/UAE/media/product/2243316/1768568400/2243316_main.jpg?im=Resize=(300,300)","https://www.carrefouruae.com/mafuae/en/exotic-fruit/prickly-pear/p/446981","Prickly Pear","15",".00","AED","","https://cdnprod.mafretailproxy.com/assets/images/SLA_clock_ic_c134066a55.svg","Tom. 10:00 AM",""
"https://cdnprod.mafretailproxy.com/assets/images/Vector_1_640025361d.svg","Bright Bites","","","https://www.carrefouruae.com/mafuae/en/packed-fruits/beetroot-o-j-150ml/p/2246452","Bright Bites Fresh Beetroot And Orange Juice","","6",".49","Tom. 10:00 AM","","","https://www.carrefouruae.com/mafuae/en/kiwi/kiwi-lolli-pop-750g/p/2230090","Kiwi Lolli Pop 750g","","37",".99","Tom. 10:00 AM","","","https://www.carrefouruae.com/mafuae/en/packed-fruits/green-asparagus-soup-500ml/p/2243322","Soule Soup Green Asparagus 500 ml","","30",".49","Tom. 10:00 AM","5% OFF","","","https://www.carrefouruae.com/mafuae/en/packed-fruits/potato-leek-soup-500ml/p/2243319","Soule Soup Potato & Leek 500 ml","20",".49","AED","AED 39.99","https://cdnprod.mafretailproxy.com/assets/images/SLA_clock_ic_c134066a55.svg","Tom. 10:00 AM",""
"","","https://www.carrefouruae.com/mafuae/en/packed-fruits/mushroom-soup-500ml/p/2243317","https://cdn.mafrservices.com/pim-content/UAE/media/product/2243317/1768568400/2243317_main.jpg?im=Resize=(300,300)","https://www.carrefouruae.com/mafuae/en/peaches-nectarines/peach-flat-ep-pack/p/463514","Flat Peach 1Kg","AED 69.98 per Kilo","34",".99","Tom. 10:00 AM","https://www.carrefouruae.com/mafuae/en/packed-fruits/fiery-lentil-soup-500ml/p/2243323","https://cdn.mafrservices.com/pim-content/UAE/media/product/2243323/1768568400/2243323_main.jpg?im=Resize=(300,300)","https://www.carrefouruae.com/mafuae/en/peaches-nectarines/ld-peach-import/p/489951","Peach","500g - Approx 9 pieces/KG","18",".00","Tom. 10:00 AM","https://www.carrefouruae.com/mafuae/en/peaches-nectarines/ld-peach-import/p/489951","https://cdn.mafrservices.com/sys-master-root/h7d/he6/12631674355742/489951_main.jpg?im=Resize=(300,300)","https://www.carrefouruae.com/mafuae/en/packed-fruits/fiery-lentil-soup-500ml/p/2243323","Soule Soup Fiery Lentil 500 ml","","11",".99","Tom. 10:00 AM","","https://www.carrefouruae.com/mafuae/en/peaches-nectarines/peach-flat-ep-pack/p/463514","https://cdn.mafrservices.com/sys-master-root/h13/he2/14623287214110/463514_main.jpg?im=Resize=(300,300)","https://www.carrefouruae.com/mafuae/en/packed-fruits/mushroom-soup-500ml/p/2243317","Soule Soup Mushroom 500 ml","29",".49","AED","","https://cdnprod.mafretailproxy.com/assets/images/SLA_clock_ic_c134066a55.svg","Tom. 10:00 AM",""
"https://cdnprod.mafretailproxy.com/assets/images/Vector_1_640025361d.svg","Bright Bites","https://www.carrefouruae.com/mafuae/en/lemon-lime/lemon-rsa-kg/p/2275113","https://cdn.mafrservices.com/pim-content/UAE/media/product/2275113/1778828002/2275113_main.jpg?im=Resize=(300,300)","https://www.carrefouruae.com/mafuae/en/packed-fruits/mixed-beries-pot-80g/p/2246463","Bright Bites Mixed  Berries","500g - Approx 2 pieces/KG","13",".99","Tom. 10:00 AM","https://www.carrefouruae.com/mafuae/en/dates/jomara-dates-with-pistachio-400g/p/1859817","https://cdn.mafrservices.com/sys-master-root/h2e/hb2/28244302233630/1859817_main.jpg?im=Resize=(300,300)","https://www.carrefouruae.com/mafuae/en/lemon-lime/lemon-rsa-kg/p/2275113","Lemon Selected","500g - Approx 25 pieces/KG","7",".00","Tom. 10:00 AM","https://www.carrefouruae.com/mafuae/en/apricot-plums/di-loquat/p/449287","https://cdn.mafrservices.com/sys-master-root/hec/h42/12631672291358/449287_main.jpg?im=Resize=(300,300)","https://www.carrefouruae.com/mafuae/en/apricot-plums/di-loquat/p/449287","Loquat Fruit","AED 113.73 per Kilo","10",".00","Tom. 10:00 AM","","https://www.carrefouruae.com/mafuae/en/packed-fruits/mixed-beries-pot-80g/p/2246463","https://cdn.mafrservices.com/pim-content/UAE/media/product/2246463/1757805004/2246463_main.jpg?im=Resize=(300,300)","https://www.carrefouruae.com/mafuae/en/dates/jomara-dates-with-pistachio-400g/p/1859817","Jomara Dates With Pistachio 400g","45",".49","AED","","https://cdnprod.mafretailproxy.com/assets/images/SLA_clock_ic_c134066a55.svg","Tom. 10:00 AM",""
"","","","","https://www.carrefouruae.com/mafuae/en/dates/jomara-assorted-filled-dates-375g/p/1859816","Jomara Assorted Filled Dates 400g","AED 107.48 per Kilo","42",".99","Tom. 10:00 AM","","","https://www.carrefouruae.com/mafuae/en/avocado/di-avocado-hass-usa/p/2264718","Avocado Hass USA","500g - Approx 2 pieces/KG","20",".00","Tom. 10:00 AM","","","https://www.carrefouruae.com/mafuae/en/dates/jomara-prem-ajwa-dates-400g-pouch/p/1892018","Jomara Premium Ajwa Dates Pouch 400g","","42",".49","Tom. 10:00 AM","","","","https://www.carrefouruae.com/mafuae/en/dates/dates-almonds-milk-chocolate-250g/p/1859111","Bayara Milk Chocolate Date Almonds 250g","28",".99","AED","","https://cdnprod.mafretailproxy.com/assets/images/SLA_clock_ic_c134066a55.svg","Only 2 left","Tom. 10:00 AM"
"https://cdnprod.mafretailproxy.com/assets/images/Vector_1_640025361d.svg","Bright Bites","","","https://www.carrefouruae.com/mafuae/en/grapes/ph-s-grapes-red-seedless-500gm/p/2259388","Pure Harvest Red Grapes Seedless 500g","1.20KG - Approx 1 piece/KG","19",".99","Only 2 left","","","https://www.carrefouruae.com/mafuae/en/dates/dates-almonds-dark-chocolate-250g/p/1859110","Bayara Dark Chocolate Almond Dates 250g","","28",".99","Tom. 10:00 AM","","","https://www.carrefouruae.com/mafuae/en/melon/di-watermelon-mini-usa/p/2264720","Watermelon Mini USA","","35",".99","Tom. 10:00 AM","","","","https://www.carrefouruae.com/mafuae/en/cherries/cherry-carry-bag-pp/p/1206956","Cherry 500g","49",".99","AED","","https://cdnprod.mafretailproxy.com/assets/images/SLA_clock_ic_c134066a55.svg","Tom. 10:00 AM","Tom. 10:00 AM"
"","","","","https://www.carrefouruae.com/mafuae/en/dates/date-crown-milk-chocolate-100gx3/p/1923958","Date Crown Milk Chocolate Dates 3X100g","","16",".99","Only 2 left","","","https://www.carrefouruae.com/mafuae/en/packed-fruits/banana-single-1pc/p/2296652","Banana Single 1 Piece","","1",".57","Tom. 10:00 AM","","","https://www.carrefouruae.com/mafuae/en/dates/almond-dates-assorted-choco-250g/p/1859109","Bayara Assorted Chocolate Almond Dates 250g","","34",".99","Tom. 10:00 AM","","","","https://www.carrefouruae.com/mafuae/en/packed-fruits/bk-banana-smoothies-330-ml/p/2234190","Barakat Banana Smoothie With Honey 330ml","11",".99","AED","","https://cdnprod.mafretailproxy.com/assets/images/SLA_clock_ic_c134066a55.svg","Tom. 10:00 AM","Tom. 10:00 AM"
"https://cdnprod.mafretailproxy.com/assets/images/Vector_1_640025361d.svg","Bright Bites","","","https://www.carrefouruae.com/mafuae/en/dates/bayara-dates-khalas-tray-1kg/p/2148746","Bayara Dates Khalas Tray 1Kg","","19",".99","Only 2 left","","","https://www.carrefouruae.com/mafuae/en/dates/dc-stuffed-dates-13x250g-promo/p/2134174","Date Crown Assorted Stuffed Dates 250g 3 Pieces","","33",".99","Tom. 10:00 AM","","","https://www.carrefouruae.com/mafuae/en/dates/dc-crescent-moon-335g/p/2149112","Date Crown  Cresent  Moon","","39",".99","Only 3 left","","","","https://www.carrefouruae.com/mafuae/en/cherries/ph-s-cherries-bowl-300gm/p/2259393","Pure Harvest Cherries Bowl 300g","32",".99","AED","","https://cdnprod.mafretailproxy.com/assets/images/SLA_clock_ic_c134066a55.svg","Tom. 10:00 AM","Tom. 10:00 AM"
"","10% OFF","","","https://www.carrefouruae.com/mafuae/en/mango/mango-elephant-red/p/71073","Mango Elephant Red","1KG - Approx 1 piece/KG","49",".99","Tom. 10:00 AM","","","https://www.carrefouruae.com/mafuae/en/exotic-fruit/fruits-basket-medium-size/p/1284307","Fruit Basket Medium 5 Kg","","89",".99","Tom. 10:00 AM","","","https://www.carrefouruae.com/mafuae/en/cherries/cherries-premium-500g-pp/p/1567548","Premium Cherries 500g","","29",".99","Tom. 10:00 AM","75% OFF","","","","","","","","AED 99.99","","",""